trial_id,target_norm,pred_-9,exact_-9,lenient_-9,pred_-6,exact_-6,lenient_-6,pred_-3,exact_-3,lenient_-3,pred_0,exact_0,lenient_0,pred_3,exact_3,lenient_3,pred_inf,exact_inf,lenient_inf
t0000,around,below,0,0,allowed,0,0,around,1,1,around,1,1,around,1,1,around,1,1
t0001,first,models,0,0,models,0,0,those,0,0,those,0,0,across,0,0,first,1,1
t0002,effect,plans,0,0,effect,1,1,effect,1,1,effect,1,1,except,0,0,effect,1,1
t0003,really,buildings,0,0,experience,0,0,experience,0,0,experience,0,0,experience,0,0,really,1,1
t0004,makes,needs,0,0,makes,1,1,makes,1,1,makes,1,1,makes,1,1,makes,1,1
t0005,football,windows,0,0,those,0,0,those,0,0,football,1,1,football,1,1,football,1,1
t0006,found,phone,0,0,phone,0,0,phone,0,0,found,1,1,found,1,1,found,1,1
t0007,which,operated,0,0,operated,0,0,operated,0,0,operated,0,0,operated,0,0,which,1,1
t0008,therefore,cannot,0,0,cannot,0,0,north,0,0,north,0,0,therefore,1,1,therefore,1,1
t0009,before,before,1,1,before,1,1,before,1,1,before,1,1,before,1,1,before,1,1
t0010,still,capital,0,0,capital,0,0,capital,0,0,capital,0,0,heavy,0,0,getting,0,0
t0011,created,created,1,1,created,1,1,created,1,1,created,1,1,created,1,1,created,1,1
t0012,owned,several,0,0,roman,0,0,roman,0,0,local,0,0,local,0,0,owned,1,1
t0013,paris,paris,1,1,paris,1,1,paris,1,1,paris,1,1,paris,1,1,paris,1,1
t0014,member,department,0,0,department,0,0,department,0,0,member,1,1,member,1,1,member,1,1
t0015,alone,alone,1,1,alone,1,1,alone,1,1,alone,1,1,alone,1,1,unknown,0,0
t0016,county,event,0,0,completed,0,0,completed,0,0,continued,0,0,continued,0,0,county,1,1
t0017,distance,distance,1,1,distance,1,1,distance,1,1,distance,1,1,distance,1,1,distance,1,1
t0018,sound,sound,1,1,sound,1,1,sound,1,1,sound,1,1,sound,1,1,sound,1,1
t0019,trains,trains,1,1,trains,1,1,trains,1,1,trains,1,1,trains,1,1,trains,1,1
t0020,countries,culture,0,0,culture,0,0,computer,0,0,computer,0,0,computer,0,0,countries,1,1
t0021,american,american,1,1,american,1,1,american,1,1,american,1,1,american,1,1,american,1,1
t0022,matter,matter,1,1,matter,1,1,matter,1,1,matter,1,1,matter,1,1,matter,1,1
t0023,state,single,0,0,saint,0,0,saint,0,0,saint,0,0,saint,0,0,state,1,1
t0024,within,museum,0,0,museum,0,0,within,1,1,within,1,1,makes,0,0,makes,0,0
t0025,music,supported,0,0,supported,0,0,specific,0,0,specific,0,0,specific,0,0,music,1,1
t0026,interest,interest,1,1,interest,1,1,interest,1,1,interest,1,1,interest,1,1,interest,1,1
t0027,church,movement,0,0,church,1,1,church,1,1,church,1,1,church,1,1,church,1,1
t0028,lives,plans,0,0,plans,0,0,lives,1,1,names,0,0,names,0,0,lives,1,1
t0029,career,actually,0,0,actually,0,0,actually,0,0,appears,0,0,appears,0,0,career,1,1
t0030,trains,trains,1,1,trains,1,1,trains,1,1,trains,1,1,trains,1,1,trains,1,1
t0031,during,travel,0,0,writer,0,0,return,0,0,return,0,0,during,1,1,during,1,1
t0032,business,distance,0,0,distance,0,0,business,1,1,business,1,1,business,1,1,business,1,1
t0033,there,coming,0,0,coming,0,0,coming,0,0,coming,0,0,america,0,0,there,1,1
t0034,released,death,0,0,death,0,0,death,0,0,worked,0,0,wrote,0,0,released,1,1
t0035,names,named,0,0,named,0,0,named,0,0,named,0,0,named,0,0,names,1,1
t0036,plant,italian,0,0,italian,0,0,italian,0,0,italian,0,0,contains,0,0,plant,1,1
t0037,games,hands,0,0,dance,0,0,dance,0,0,dance,0,0,dance,0,0,games,1,1
t0038,often,football,0,0,football,0,0,often,1,1,often,1,1,often,1,1,often,1,1
t0039,these,years,0,0,years,0,0,years,0,0,years,0,0,being,0,0,native,0,0
t0040,while,library,0,0,library,0,0,library,0,0,library,0,0,light,0,0,light,0,0
t0041,across,across,1,1,across,1,1,across,1,1,across,1,1,across,1,1,across,1,1
t0042,largest,started,0,0,largest,1,1,largest,1,1,largest,1,1,largest,1,1,largest,1,1
t0043,population,operations,0,0,modern,0,0,modern,0,0,modern,0,0,modern,0,0,population,1,1
t0044,centre,centre,1,1,centre,1,1,centre,1,1,center,0,0,center,0,0,center,0,0
t0045,would,single,0,0,single,0,0,simple,0,0,simple,0,0,simple,0,0,would,1,1
t0046,typically,trade,0,0,military,0,0,military,0,0,between,0,0,typically,1,1,typically,1,1
t0047,comes,comes,1,1,comes,1,1,comes,1,1,comes,1,1,comes,1,1,comes,1,1
t0048,islands,province,0,0,islands,1,1,islands,1,1,islands,1,1,islands,1,1,islands,1,1
t0049,worked,doctor,0,0,doctor,0,0,worked,1,1,worked,1,1,worked,1,1,worked,1,1
t0050,father,allowed,0,0,father,1,1,father,1,1,father,1,1,father,1,1,father,1,1
t0051,within,material,0,0,material,0,0,material,0,0,material,0,0,within,1,1,within,1,1
t0052,community,musical,0,0,community,1,1,community,1,1,community,1,1,community,1,1,community,1,1
t0053,church,result,0,0,church,1,1,church,1,1,church,1,1,church,1,1,church,1,1
t0054,black,black,1,1,black,1,1,black,1,1,black,1,1,black,1,1,black,1,1
t0055,their,unknown,0,0,unknown,0,0,unknown,0,0,under,0,0,their,1,1,their,1,1
t0056,other,mother,0,0,mother,0,0,other,1,1,other,1,1,other,1,1,other,1,1
t0057,nearby,better,0,0,better,0,0,better,0,0,better,0,0,japan,0,0,nearby,1,1
t0058,anything,fight,0,0,fight,0,0,phone,0,0,phone,0,0,phone,0,0,anything,1,1
t0059,located,association,0,0,association,0,0,association,0,0,replaced,0,0,located,1,1,located,1,1
t0060,these,species,0,0,recent,0,0,recent,0,0,recent,0,0,recent,0,0,recent,0,0
t0061,please,please,1,1,please,1,1,please,1,1,please,1,1,please,1,1,please,1,1
t0062,earth,research,0,0,research,0,0,person,0,0,person,0,0,person,0,0,person,0,0
t0063,never,never,1,1,never,1,1,never,1,1,never,1,1,never,1,1,never,1,1
t0064,would,david,0,0,included,0,0,david,0,0,attended,0,0,attended,0,0,would,1,1
t0065,wasn't,hours,0,0,hours,0,0,hours,0,0,hours,0,0,cause,0,0,wasn't,1,1
t0066,metal,family,0,0,metal,1,1,metal,1,1,metal,1,1,metal,1,1,metal,1,1
t0067,years,players,0,0,players,0,0,years,1,1,years,1,1,years,1,1,years,1,1
t0068,showed,killed,0,0,killed,0,0,killed,0,0,showed,1,1,showed,1,1,showed,1,1
t0069,career,character,0,0,character,0,0,career,1,1,career,1,1,career,1,1,career,1,1
t0070,these,release,0,0,release,0,0,release,0,0,release,0,0,release,0,0,these,1,1
t0071,later,decided,0,0,decided,0,0,decided,0,0,decided,0,0,elected,0,0,later,1,1
t0072,third,birds,0,0,birds,0,0,birds,0,0,birds,0,0,birds,0,0,birds,0,0
t0073,public,often,0,0,often,0,0,often,0,0,public,1,1,public,1,1,public,1,1
t0074,outside,outside,1,1,outside,1,1,outside,1,1,outside,1,1,outside,1,1,outside,1,1
t0075,young,completely,0,0,young,1,1,young,1,1,young,1,1,young,1,1,young,1,1
t0076,include,alchemist,0,0,alchemist,0,0,alchemist,0,0,alchemist,0,0,middle,0,0,include,1,1
t0077,member,common,0,0,common,0,0,member,1,1,member,1,1,member,1,1,member,1,1
t0078,continued,different,0,0,different,0,0,distance,0,0,distance,0,0,continues,0,0,continued,1,1
t0079,began,don't,0,0,don't,0,0,returned,0,0,returned,0,0,returned,0,0,began,1,1
t0080,independent,different,0,0,different,0,0,different,0,0,different,0,0,different,0,0,independent,1,1
t0081,company,problem,0,0,problem,0,0,company,1,1,company,1,1,company,1,1,company,1,1
t0082,companies,companies,1,1,companies,1,1,companies,1,1,companies,1,1,companies,1,1,companies,1,1
t0083,built,groups,0,0,groups,0,0,groups,0,0,groups,0,0,groups,0,0,built,1,1
t0084,several,several,1,1,several,1,1,several,1,1,several,1,1,several,1,1,several,1,1
t0085,their,owned,0,0,owned,0,0,although,0,0,although,0,0,known,0,0,built,0,1
t0086,served,under,0,0,member,0,0,served,1,1,served,1,1,served,1,1,served,1,1
t0087,might,might,1,1,might,1,1,might,1,1,might,1,1,might,1,1,might,1,1
t0088,first,first,1,1,first,1,1,first,1,1,first,1,1,first,1,1,first,1,1
t0089,small,small,1,1,small,1,1,small,1,1,small,1,1,small,1,1,small,1,1
t0090,although,given,0,0,although,1,1,although,1,1,although,1,1,although,1,1,although,1,1
t0091,larger,large,0,0,large,0,0,large,0,0,larger,1,1,larger,1,1,larger,1,1
t0092,spent,certain,0,0,saint,0,0,saint,0,0,something,0,0,something,0,0,spent,1,1
t0093,years,years,1,1,years,1,1,years,1,1,years,1,1,years,1,1,years,1,1
t0094,would,though,0,0,although,0,0,although,0,0,although,0,0,although,0,0,although,0,0
t0095,rather,little,0,0,brought,0,0,brought,0,0,brought,0,0,brought,0,0,while,0,0
t0096,noted,noted,1,1,noted,1,1,noted,1,1,noted,1,1,noted,1,1,noted,1,1
t0097,worked,worked,1,1,worked,1,1,worked,1,1,worked,1,1,worked,1,1,worked,1,1
t0098,single,single,1,1,single,1,1,single,1,1,single,1,1,single,1,1,single,1,1
t0099,great,raised,0,0,great,1,1,great,1,1,great,1,1,great,1,1,great,1,1
t0100,international,hours,0,0,international,1,1,international,1,1,international,1,1,international,1,1,international,1,1
t0101,capital,capital,1,1,capital,1,1,capital,1,1,capital,1,1,capital,1,1,capital,1,1
t0102,national,national,1,1,national,1,1,national,1,1,national,1,1,national,1,1,national,1,1
t0103,language,language,1,1,language,1,1,language,1,1,language,1,1,language,1,1,language,1,1
t0104,widely,widely,1,1,widely,1,1,widely,1,1,widely,1,1,widely,1,1,widely,1,1
t0105,generally,general,0,0,general,0,0,general,0,0,general,0,0,generally,1,1,generally,1,1
t0106,river,their,0,0,their,0,0,their,0,0,therefore,0,0,record,0,0,river,1,1
t0107,means,built,0,0,available,0,0,available,0,0,female,0,0,female,0,0,means,1,1
t0108,heart,heart,1,1,heart,1,1,heart,1,1,heart,1,1,heart,1,1,heart,1,1
t0109,found,lines,0,0,lines,0,0,found,1,1,found,1,1,sound,0,0,sound,0,0
t0110,still,still,1,1,still,1,1,still,1,1,still,1,1,still,1,1,still,1,1
t0111,can't,heavy,0,0,heavy,0,0,heavy,0,0,heavy,0,0,can't,1,1,can't,1,1
t0112,continue,three,0,0,continued,0,0,continued,0,0,continued,0,0,continue,1,1,continue,1,1
t0113,successful,successful,1,1,successful,1,1,successful,1,1,successful,1,1,successful,1,1,successful,1,1
t0114,album,album,1,1,album,1,1,album,1,1,album,1,1,album,1,1,album,1,1
t0115,recorded,recorded,1,1,recorded,1,1,recorded,1,1,recorded,1,1,recorded,1,1,recorded,1,1
t0116,music,music,1,1,music,1,1,music,1,1,music,1,1,music,1,1,music,1,1
t0117,during,further,0,0,further,0,0,further,0,0,further,0,0,during,1,1,during,1,1
t0118,winter,military,0,0,military,0,0,winter,1,1,winter,1,1,winter,1,1,winter,1,1
t0119,village,village,1,1,village,1,1,village,1,1,village,1,1,village,1,1,village,1,1
t0120,ground,round,0,0,round,0,0,round,0,0,round,0,0,round,0,0,ground,1,1
t0121,middle,significant,0,0,significant,0,0,civil,0,0,middle,1,1,middle,1,1,middle,1,1
t0122,featured,featured,1,1,featured,1,1,featured,1,1,featured,1,1,featured,1,1,featured,1,1
t0123,cover,album,0,0,album,0,0,cover,1,1,cover,1,1,cover,1,1,cover,1,1
t0124,operated,upper,0,0,upper,0,0,upper,0,0,operated,1,1,operated,1,1,operated,1,1
t0125,still,among,0,0,along,0,0,along,0,0,along,0,0,still,1,1,still,1,1
t0126,cause,houses,0,0,houses,0,0,cause,1,1,cause,1,1,brought,0,0,cause,1,1
t0127,child,strong,0,0,strong,0,0,child,1,1,child,1,1,child,1,1,child,1,1
t0128,group,roman,0,0,current,0,0,group,1,1,group,1,1,group,1,1,group,1,1
t0129,medical,medical,1,1,medical,1,1,medical,1,1,medical,1,1,medical,1,1,medical,1,1
t0130,level,level,1,1,level,1,1,level,1,1,level,1,1,level,1,1,level,1,1
t0131,let's,historic,0,0,source,0,0,source,0,0,historic,0,0,start,0,0,let's,1,1
t0132,would,lived,0,0,lived,0,0,needs,0,0,needs,0,0,stood,0,0,stood,0,0
t0133,south,hours,0,0,sound,0,0,sound,0,0,sound,0,0,south,1,1,south,1,1
t0134,direction,direction,1,1,direction,1,1,direction,1,1,direction,1,1,direction,1,1,direction,1,1
t0135,should,should,1,1,should,1,1,should,1,1,should,1,1,should,1,1,should,1,1
t0136,centre,center,0,0,center,0,0,center,0,0,center,0,0,center,0,0,center,0,0
t0137,without,central,0,0,central,0,0,central,0,0,central,0,0,front,0,0,without,1,1
t0138,being,anything,0,0,anything,0,0,anything,0,0,anything,0,0,thing,0,0,thing,0,0
t0139,limited,anything,0,0,anything,0,0,became,0,0,return,0,0,return,0,0,limited,1,1
t0140,books,books,1,1,books,1,1,books,1,1,books,1,1,books,1,1,books,1,1
t0141,title,types,0,0,types,0,0,types,0,0,types,0,0,types,0,0,title,1,1
t0142,novel,local,0,0,local,0,0,north,0,0,north,0,0,north,0,0,novel,1,1
t0143,serves,serves,1,1,serves,1,1,serves,1,1,serves,1,1,serves,1,1,serves,1,1
t0144,under,under,1,1,ended,0,0,ended,0,0,ended,0,0,under,1,1,under,1,1
t0145,floor,former,0,0,former,0,0,former,0,0,former,0,0,former,0,0,floor,1,1
t0146,leaving,leading,0,0,leading,0,0,leading,0,0,leading,0,0,leading,0,0,leading,0,0
t0147,canadian,believed,0,0,immediately,0,0,media,0,0,media,0,0,media,0,0,canadian,1,1
t0148,political,heard,0,0,heard,0,0,medical,0,0,medical,0,0,political,1,1,political,1,1
t0149,order,garden,0,0,order,1,1,order,1,1,order,1,1,order,1,1,order,1,1
t0150,known,among,0,0,mountain,0,0,mountain,0,0,mountain,0,0,known,1,1,known,1,1
t0151,leave,where,0,0,currently,0,0,currently,0,0,leave,1,1,valley,0,0,valley,0,0
t0152,almost,hours,0,0,hours,0,0,almost,1,1,almost,1,1,almost,1,1,house,0,0
t0153,buried,leaving,0,0,playing,0,0,playing,0,0,playing,0,0,playing,0,0,playing,0,0
t0154,cemetery,married,0,0,married,0,0,married,0,0,married,0,0,married,0,0,another,0,0
t0155,given,given,1,1,given,1,1,given,1,1,given,1,1,given,1,1,given,1,1
t0156,after,after,1,1,after,1,1,after,1,1,after,1,1,after,1,1,after,1,1
t0157,being,during,0,0,peter,0,0,peter,0,0,being,1,1,being,1,1,being,1,1
t0158,because,everything,0,0,everything,0,0,everything,0,0,considered,0,0,because,1,1,because,1,1
t0159,member,member,1,1,member,1,1,member,1,1,member,1,1,member,1,1,member,1,1
t0160,route,small,0,0,small,0,0,small,0,0,tower,0,0,cover,0,0,route,1,1
t0161,people,floor,0,0,floor,0,0,involved,0,0,people,1,1,people,1,1,people,1,1
t0162,makes,ancient,0,0,ancient,0,0,native,0,0,makes,1,1,makes,1,1,makes,1,1
t0163,three,three,1,1,three,1,1,three,1,1,three,1,1,three,1,1,three,1,1
t0164,after,eastern,0,0,start,0,0,start,0,0,after,1,1,after,1,1,often,0,0
t0165,attended,original,0,0,original,0,0,original,0,0,cannot,0,0,attended,1,1,attended,1,1
t0166,college,college,1,1,college,1,1,college,1,1,college,1,1,college,1,1,college,1,1
t0167,comes,common,0,0,common,0,0,common,0,0,common,0,0,common,0,0,comes,1,1
t0168,began,began,1,1,began,1,1,began,1,1,began,1,1,began,1,1,began,1,1
t0169,through,floor,0,0,floor,0,0,floor,0,0,floor,0,0,floor,0,0,through,1,1
t0170,found,found,1,1,found,1,1,found,1,1,found,1,1,found,1,1,found,1,1
t0171,himself,himself,1,1,himself,1,1,himself,1,1,himself,1,1,himself,1,1,himself,1,1
t0172,without,without,1,1,without,1,1,without,1,1,without,1,1,without,1,1,without,1,1
t0173,themselves,themselves,1,1,themselves,1,1,themselves,1,1,themselves,1,1,themselves,1,1,themselves,1,1
t0174,called,closed,0,0,closed,0,0,closed,0,0,closed,0,0,closed,0,0,called,1,1
t0175,there,brown,0,0,brown,0,0,brown,0,0,railroad,0,0,railroad,0,0,there,1,1
t0176,nothing,referred,0,0,version,0,0,version,0,0,version,0,0,version,0,0,nothing,1,1
t0177,members,hours,0,0,hours,0,0,members,1,1,members,1,1,members,1,1,members,1,1
t0178,appointed,increased,0,0,include,0,0,included,0,0,included,0,0,appointed,1,1,appointed,1,1
t0179,university,university,1,1,university,1,1,university,1,1,university,1,1,university,1,1,university,1,1
t0180,slowly,followed,0,0,smaller,0,0,slowly,1,1,slowly,1,1,slowly,1,1,slowly,1,1
t0181,training,among,0,0,coming,0,0,coming,0,0,playing,0,0,train,0,0,train,0,0
t0182,london,roman,0,0,along,0,0,along,0,0,along,0,0,along,0,0,along,0,0
t0183,longer,lower,0,0,lower,0,0,northern,0,0,number,0,0,number,0,0,longer,1,1
t0184,designed,music,0,0,music,0,0,music,0,0,isn't,0,0,isn't,0,0,design,0,0
t0185,against,windows,0,0,against,1,1,against,1,1,against,1,1,against,1,1,against,1,1
t0186,similar,similar,1,1,similar,1,1,similar,1,1,similar,1,1,similar,1,1,similar,1,1
t0187,future,military,0,0,military,0,0,military,0,0,future,1,1,future,1,1,future,1,1
t0188,eastern,desert,0,0,desert,0,0,desert,0,0,start,0,0,start,0,0,eastern,1,1
t0189,following,following,1,1,following,1,1,following,1,1,following,1,1,following,1,1,following,1,1
t0190,season,season,1,1,season,1,1,season,1,1,season,1,1,season,1,1,season,1,1
t0191,california,california,1,1,california,1,1,california,1,1,california,1,1,california,1,1,california,1,1
t0192,canada,carried,0,0,carried,0,0,canada,1,1,canada,1,1,canada,1,1,canada,1,1
t0193,based,based,1,1,based,1,1,based,1,1,based,1,1,based,1,1,based,1,1
t0194,recent,association,0,0,association,0,0,association,0,0,association,0,0,association,0,0,recent,1,1
t0195,years,areas,0,0,areas,0,0,years,1,1,years,1,1,years,1,1,years,1,1
t0196,library,state,0,0,active,0,0,active,0,0,active,0,0,theory,0,0,library,1,1
t0197,radio,really,0,0,really,0,0,radio,1,1,radio,1,1,radio,1,1,radio,1,1
t0198,educated,larger,0,0,killed,0,0,killed,0,0,educated,1,1,educated,1,1,educated,1,1
t0199,school,simply,0,0,simple,0,0,provides,0,0,support,0,0,school,1,1,school,1,1
t0200,international,international,1,1,international,1,1,international,1,1,international,1,1,international,1,1,international,1,1
t0201,living,final,0,0,final,0,0,finally,0,0,might,0,0,might,0,0,living,1,1
t0202,things,means,0,0,means,0,0,means,0,0,things,1,1,things,1,1,things,1,1
t0203,happen,happy,0,0,happen,1,1,happen,1,1,happen,1,1,happen,1,1,happen,1,1
t0204,community,married,0,0,married,0,0,community,1,1,community,1,1,community,1,1,community,1,1
t0205,television,software,0,0,television,1,1,television,1,1,television,1,1,television,1,1,television,1,1
t0206,there,players,0,0,there,1,1,there,1,1,there,1,1,there,1,1,there,1,1
t0207,large,marriage,0,0,large,1,1,large,1,1,large,1,1,large,1,1,large,1,1
t0208,plant,plant,1,1,plant,1,1,plant,1,1,plant,1,1,plant,1,1,plant,1,1
t0209,working,winter,0,0,winter,0,0,winter,0,0,worked,0,0,worked,0,0,working,1,1
t0210,construction,happen,0,0,throughout,0,0,version,0,0,special,0,0,special,0,0,construction,1,1
t0211,black,lower,0,0,lower,0,0,learn,0,0,black,1,1,black,1,1,light,0,0
t0212,playing,married,0,0,married,0,0,great,0,0,great,0,0,playing,1,1,playing,1,1
t0213,young,young,1,1,young,1,1,young,1,1,young,1,1,young,1,1,young,1,1
t0214,person,cross,0,0,cross,0,0,cross,0,0,cross,0,0,person,1,1,person,1,1
t0215,class,national,0,0,style,0,0,style,0,0,class,1,1,class,1,1,class,1,1
t0216,eventually,makes,0,0,election,0,0,eventually,1,1,eventually,1,1,eventually,1,1,eventually,1,1
t0217,community,through,0,0,through,0,0,through,0,0,through,0,0,through,0,0,community,1,1
t0218,primary,primary,1,1,primary,1,1,primary,1,1,primary,1,1,primary,1,1,primary,1,1
t0219,school,school,1,1,school,1,1,school,1,1,school,1,1,school,1,1,school,1,1
t0220,still,still,1,1,still,1,1,still,1,1,still,1,1,still,1,1,still,1,1
t0221,newspaper,newspaper,1,1,newspaper,1,1,newspaper,1,1,newspaper,1,1,newspaper,1,1,newspaper,1,1
t0222,other,supported,0,0,supported,0,0,supported,0,0,supported,0,0,supported,0,0,other,1,1
t0223,since,since,1,1,since,1,1,since,1,1,since,1,1,since,1,1,since,1,1
t0224,produced,groups,0,0,groups,0,0,produced,1,1,produced,1,1,produced,1,1,produced,1,1
t0225,william,using,0,0,using,0,0,william,1,1,william,1,1,william,1,1,william,1,1
t0226,paris,paris,1,1,paris,1,1,paris,1,1,paris,1,1,paris,1,1,paris,1,1
t0227,table,closed,0,0,buildings,0,0,table,1,1,table,1,1,table,1,1,table,1,1
t0228,design,international,0,0,international,0,0,doesn't,0,0,doesn't,0,0,doesn't,0,0,design,1,1
t0229,whole,worked,0,0,worked,0,0,world,0,0,world,0,0,whole,1,1,whole,1,1
t0230,german,german,1,1,german,1,1,german,1,1,german,1,1,german,1,1,german,1,1
t0231,under,india,0,0,india,0,0,india,0,0,india,0,0,leader,0,0,under,1,1
t0232,their,wrote,0,0,europe,0,0,leader,0,0,their,1,1,their,1,1,their,1,1
t0233,night,involved,0,0,marked,0,0,night,1,1,night,1,1,night,1,1,night,1,1
t0234,little,dream,0,0,military,0,0,military,0,0,metal,0,0,metal,0,0,nothing,0,0
t0235,would,interest,0,0,trees,0,0,trees,0,0,would,1,1,would,1,1,would,1,1
t0236,never,roman,0,0,roman,0,0,remember,0,0,remember,0,0,remember,0,0,never,1,1
t0237,decided,decided,1,1,decided,1,1,decided,1,1,decided,1,1,decided,1,1,decided,1,1
t0238,again,again,1,1,again,1,1,again,1,1,again,1,1,again,1,1,again,1,1
t0239,wrote,commonly,0,0,commonly,0,0,public,0,0,public,0,0,robert,0,0,wrote,1,1
t0240,island,islands,0,0,islands,0,0,islands,0,0,islands,0,0,islands,0,0,island,1,1
t0241,bridge,there,0,0,there,0,0,evidence,0,0,students,0,0,birds,0,0,separate,0,0
t0242,center,success,0,0,success,0,0,center,1,1,center,1,1,center,1,1,center,1,1
t0243,would,lived,0,0,lived,0,0,looked,0,0,looked,0,0,looked,0,0,would,1,1
t0244,fight,white,0,0,white,0,0,white,0,0,white,0,0,white,0,0,fight,1,1
t0245,slowly,route,0,0,route,0,0,slowly,1,1,slowly,1,1,slowly,1,1,slowly,1,1
t0246,through,company,0,0,company,0,0,company,0,0,company,0,0,culture,0,0,culture,0,0
t0247,where,leader,0,0,leader,0,0,peter,0,0,peter,0,0,we're,0,0,where,1,1
t0248,could,going,0,0,going,0,0,twenty,0,0,twenty,0,0,couldn't,0,0,could,1,1
t0249,later,mainly,0,0,mainly,0,0,later,1,1,later,1,1,later,1,1,leader,0,0
t0250,english,international,0,0,english,1,1,english,1,1,english,1,1,english,1,1,english,1,1
t0251,first,first,1,1,first,1,1,first,1,1,first,1,1,first,1,1,first,1,1
t0252,never,never,1,1,never,1,1,never,1,1,never,1,1,never,1,1,never,1,1
t0253,future,bridge,0,0,bridge,0,0,beach,0,0,feature,0,0,feature,0,0,future,1,1
t0254,asked,forces,0,0,forces,0,0,forces,0,0,force,0,0,hours,0,0,asked,1,1
t0255,about,throughout,0,0,throughout,0,0,throughout,0,0,throughout,0,0,throughout,0,0,about,1,1
t0256,great,great,1,1,great,1,1,great,1,1,great,1,1,great,1,1,great,1,1
t0257,school,sports,0,0,school,1,1,schools,0,0,schools,0,0,schools,0,0,schools,0,0
t0258,school,school,1,1,school,1,1,school,1,1,school,1,1,school,1,1,school,1,1
t0259,eight,metal,0,0,table,0,0,paper,0,0,eight,1,1,eight,1,1,eight,1,1
t0260,significant,cities,0,0,cities,0,0,cities,0,0,cities,0,0,cities,0,0,which,0,0
t0261,location,which,0,0,future,0,0,location,1,1,location,1,1,location,1,1,location,1,1
t0262,country,happen,0,0,sometimes,0,0,catholic,0,0,country,1,1,country,1,1,country,1,1
t0263,country,german,0,0,joined,0,0,joined,0,0,joined,0,0,german,0,0,country,1,1
t0264,function,mountain,0,0,mountain,0,0,mountain,0,0,mountain,0,0,mountain,0,0,function,1,1
t0265,david,artist,0,0,models,0,0,models,0,0,position,0,0,stations,0,0,david,1,1
t0266,rights,success,0,0,stars,0,0,stars,0,0,stars,0,0,stars,0,0,rights,1,1
t0267,london,london,1,1,london,1,1,london,1,1,london,1,1,london,1,1,unknown,0,0
t0268,eventually,event,0,0,event,0,0,eventually,1,1,eventually,1,1,eventually,1,1,eventually,1,1
t0269,cannot,cannot,1,1,cannot,1,1,cannot,1,1,cannot,1,1,cannot,1,1,cannot,1,1
t0270,their,their,1,1,their,1,1,their,1,1,their,1,1,their,1,1,there,0,0
t0271,strong,round,0,0,strong,1,1,strong,1,1,strong,1,1,strong,1,1,strong,1,1
t0272,especially,buildings,0,0,buildings,0,0,especially,1,1,especially,1,1,especially,1,1,especially,1,1
t0273,american,related,0,0,american,1,1,american,1,1,american,1,1,american,1,1,american,1,1
t0274,european,about,0,0,about,0,0,about,0,0,european,1,1,european,1,1,european,1,1
t0275,schools,forced,0,0,forced,0,0,forced,0,0,schools,1,1,schools,1,1,schools,1,1
t0276,changed,wanted,0,0,wanted,0,0,wanted,0,0,changed,1,1,changed,1,1,changed,1,1
t0277,first,awards,0,0,brothers,0,0,first,1,1,first,1,1,first,1,1,first,1,1
t0278,training,training,1,1,training,1,1,training,1,1,training,1,1,training,1,1,training,1,1
t0279,eventually,eventually,1,1,eventually,1,1,eventually,1,1,eventually,1,1,eventually,1,1,eventually,1,1
t0280,became,became,1,1,became,1,1,became,1,1,became,1,1,became,1,1,became,1,1
t0281,their,their,1,1,their,1,1,their,1,1,their,1,1,their,1,1,center,0,0
t0282,nothing,nothing,1,1,nothing,1,1,nothing,1,1,nothing,1,1,nothing,1,1,nothing,1,1
t0283,british,large,0,0,british,1,1,british,1,1,british,1,1,british,1,1,british,1,1
t0284,after,mostly,0,0,western,0,0,western,0,0,after,1,1,after,1,1,after,1,1
t0285,featured,piece,0,0,features,0,0,feature,0,0,feature,0,0,feature,0,0,featured,1,1
t0286,festival,special,0,0,festival,1,1,festival,1,1,festival,1,1,festival,1,1,festival,1,1
t0287,award,award,1,1,award,1,1,award,1,1,award,1,1,award,1,1,award,1,1
t0288,another,never,0,0,never,0,0,another,1,1,another,1,1,another,1,1,another,1,1
t0289,shall,shall,1,1,shall,1,1,shall,1,1,shall,1,1,official,0,0,shall,1,1
t0290,built,meaning,0,0,meaning,0,0,meaning,0,0,built,1,1,built,1,1,built,1,1
t0291,found,success,0,0,itself,0,0,itself,0,0,found,1,1,found,1,1,found,1,1
t0292,company,helped,0,0,helped,0,0,helped,0,0,helped,0,0,company,1,1,company,1,1
t0293,played,christian,0,0,christian,0,0,great,0,0,write,0,0,light,0,0,played,1,1
t0294,college,thomas,0,0,thomas,0,0,thomas,0,0,thomas,0,0,thomas,0,0,college,1,1
t0295,country,continued,0,0,continued,0,0,continue,0,0,continue,0,0,continue,0,0,country,1,1
t0296,method,doctor,0,0,majority,0,0,medical,0,0,paper,0,0,paper,0,0,method,1,1
t0297,successful,successful,1,1,successful,1,1,successful,1,1,success,0,0,system,0,0,successful,1,1
t0298,rights,events,0,0,events,0,0,rights,1,1,rights,1,1,rights,1,1,rights,1,1
t0299,considered,written,0,0,associated,0,0,considered,1,1,considered,1,1,considered,1,1,considered,1,1
t0300,italian,their,0,0,their,0,0,their,0,0,their,0,0,their,0,0,without,0,0
t0301,world,cause,0,0,cause,0,0,coast,0,0,coast,0,0,world,1,1,world,1,1
t0302,since,shall,0,0,south,0,0,south,0,0,south,0,0,south,0,0,since,1,1
t0303,between,issue,0,0,issue,0,0,between,1,1,between,1,1,between,1,1,between,1,1
t0304,enough,title,0,0,having,0,0,types,0,0,types,0,0,night,0,0,enough,1,1
t0305,would,would,1,1,would,1,1,would,1,1,would,1,1,would,1,1,would,1,1
t0306,decided,decided,1,1,decided,1,1,decided,1,1,decided,1,1,decided,1,1,decided,1,1
t0307,games,games,1,1,games,1,1,games,1,1,games,1,1,games,1,1,games,1,1
t0308,major,limited,0,0,limited,0,0,meaning,0,0,meaning,0,0,meaning,0,0,major,1,1
t0309,followed,lower,0,0,lower,0,0,level,0,0,followed,1,1,owned,0,0,followed,1,1
t0310,several,brought,0,0,brown,0,0,brown,0,0,wrote,0,0,wrote,0,0,several,1,1
t0311,changes,schools,0,0,reviews,0,0,reviews,0,0,reviews,0,0,reviews,0,0,changes,1,1
t0312,station,speak,0,0,speak,0,0,station,1,1,station,1,1,station,1,1,station,1,1
t0313,became,floor,0,0,floor,0,0,human,0,0,became,1,1,became,1,1,became,1,1
t0314,better,about,0,0,about,0,0,about,0,0,battle,0,0,battle,0,0,better,1,1
t0315,understood,should,0,0,understood,1,1,understood,1,1,understood,1,1,understood,1,1,understood,1,1
t0316,would,cemetery,0,0,cemetery,0,0,leave,0,0,doing,0,0,doing,0,0,would,1,1
t0317,board,world,0,0,world,0,0,world,0,0,world,0,0,world,0,0,board,1,1
t0318,under,former,0,0,southern,0,0,southern,0,0,southern,0,0,southern,0,0,under,1,1
t0319,province,robert,0,0,robert,0,0,province,1,1,province,1,1,province,1,1,province,1,1
t0320,after,after,1,1,after,1,1,after,1,1,after,1,1,after,1,1,after,1,1
t0321,attended,taken,0,0,attended,1,1,attended,1,1,attended,1,1,attended,1,1,attended,1,1
t0322,college,catholic,0,0,catholic,0,0,college,1,1,college,1,1,college,1,1,college,1,1
t0323,college,college,1,1,college,1,1,college,1,1,college,1,1,college,1,1,college,1,1
t0324,current,above,0,0,above,0,0,about,0,0,southern,0,0,southern,0,0,current,1,1
t0325,action,action,1,1,action,1,1,action,1,1,action,1,1,action,1,1,action,1,1
t0326,continue,continued,0,0,continued,0,0,continued,0,0,continued,0,0,continued,0,0,continue,1,1
t0327,separate,third,0,0,heard,0,0,heard,0,0,separate,1,1,separate,1,1,separate,1,1
t0328,companies,movement,0,0,movement,0,0,movement,0,0,companies,1,1,companies,1,1,companies,1,1
t0329,economy,continued,0,0,company,0,0,community,0,0,economy,1,1,economy,1,1,economy,1,1
t0330,first,first,1,1,first,1,1,first,1,1,first,1,1,first,1,1,first,1,1
t0331,replaced,replaced,1,1,replaced,1,1,replaced,1,1,replaced,1,1,replaced,1,1,replaced,1,1
t0332,character,large,0,0,plant,0,0,plant,0,0,plant,0,0,character,1,1,character,1,1
t0333,played,paper,0,0,paper,0,0,paper,0,0,played,1,1,played,1,1,played,1,1
t0334,there,carried,0,0,carried,0,0,considered,0,0,notable,0,0,notable,0,0,various,0,0
t0335,family,having,0,0,having,0,0,family,1,1,family,1,1,family,1,1,family,1,1
t0336,could,guitar,0,0,taken,0,0,taken,0,0,taken,0,0,taken,0,0,peter,0,0
t0337,bring,bring,1,1,bring,1,1,bring,1,1,bring,1,1,bring,1,1,bring,1,1
t0338,that's,passed,0,0,passed,0,0,passed,0,0,that's,1,1,that's,1,1,that's,1,1
t0339,christian,christian,1,1,christian,1,1,christian,1,1,christian,1,1,christian,1,1,christian,1,1
t0340,looked,teams,0,0,teams,0,0,looked,1,1,looked,1,1,looked,1,1,looked,1,1
t0341,while,nearby,0,0,provide,0,0,provide,0,0,provides,0,0,taught,0,0,while,1,1
t0342,number,heard,0,0,heard,0,0,heard,0,0,heard,0,0,heard,0,0,number,1,1
t0343,people,period,0,0,period,0,0,period,0,0,period,0,0,period,0,0,people,1,1
t0344,systems,community,0,0,middle,0,0,middle,0,0,release,0,0,systems,1,1,systems,1,1
t0345,products,products,1,1,products,1,1,products,1,1,products,1,1,products,1,1,products,1,1
t0346,married,governor,0,0,better,0,0,better,0,0,earth,0,0,buried,0,0,married,1,1
t0347,began,began,1,1,began,1,1,began,1,1,began,1,1,began,1,1,began,1,1
t0348,sister,through,0,0,sister,1,1,sister,1,1,sister,1,1,sister,1,1,sister,1,1
t0349,worked,although,0,0,although,0,0,although,0,0,world,0,0,world,0,0,worked,1,1
t0350,variety,sister,0,1,sister,0,1,society,0,0,society,0,0,society,0,0,society,0,0
t0351,plays,place,0,0,place,0,0,place,0,0,police,0,0,police,0,0,plays,1,1
t0352,plays,about,0,0,above,0,0,above,0,0,above,0,0,above,0,0,plays,1,1
t0353,consists,forces,0,0,sports,0,0,sports,0,0,forces,0,0,forces,0,0,consists,1,1
t0354,carried,author,0,0,popular,0,0,popular,0,0,popular,0,0,period,0,0,carried,1,1
t0355,seven,services,0,0,services,0,0,services,0,0,services,0,0,seven,1,1,itself,0,0
t0356,found,football,0,0,football,0,0,football,0,0,football,0,0,formed,0,0,formed,0,0
t0357,above,didn't,0,0,didn't,0,0,didn't,0,0,activity,0,0,activity,0,0,novel,0,0
t0358,themselves,sound,0,0,themselves,1,1,themselves,1,1,themselves,1,1,themselves,1,1,themselves,1,1
t0359,almost,longer,0,0,almost,1,1,almost,1,1,almost,1,1,almost,1,1,almost,1,1
t0360,system,systems,0,0,systems,0,0,systems,0,0,systems,0,0,systems,0,0,systems,0,0
t0361,change,change,1,1,changed,0,0,changed,0,0,changed,0,0,changed,0,0,change,1,1
t0362,issue,trade,0,0,machine,0,0,machine,0,0,machine,0,0,issue,1,1,issue,1,1
t0363,school,business,0,0,specific,0,0,business,0,0,business,0,0,business,0,0,school,1,1
t0364,remains,remains,1,1,remains,1,1,remains,1,1,remains,1,1,remains,1,1,remains,1,1
t0365,military,mainly,0,0,mainly,0,0,primarily,0,0,metal,0,0,metal,0,0,matter,0,0
t0366,widely,model,0,0,model,0,0,widely,1,1,widely,1,1,widely,1,1,writer,0,0
t0367,other,remains,0,0,often,0,0,operates,0,0,especially,0,0,brothers,0,0,travel,0,0
t0368,turned,until,0,0,turned,1,1,turned,1,1,until,0,0,until,0,0,until,0,0
t0369,quickly,completely,0,0,quickly,1,1,quickly,1,1,quickly,1,1,quickly,1,1,quickly,1,1
t0370,would,passed,0,0,enough,0,0,enough,0,0,enough,0,0,enough,0,0,would,1,1
t0371,might,heavy,0,0,heavy,0,0,heavy,0,0,might,1,1,might,1,1,might,1,1
t0372,return,between,0,0,between,0,0,china,0,0,china,0,0,turned,0,0,china,0,0
t0373,become,among,0,0,among,0,0,among,0,0,among,0,0,among,0,0,become,1,1
t0374,forms,contains,0,0,contains,0,0,death,0,0,names,0,0,forms,1,1,forms,1,1
t0375,called,particular,0,0,significant,0,0,significant,0,0,significant,0,0,support,0,0,support,0,0
t0376,another,general,0,0,general,0,0,general,0,0,general,0,0,general,0,0,allowed,0,0
t0377,historic,stone,0,0,stone,0,0,stone,0,0,stone,0,0,historic,1,1,historic,1,1
t0378,china,chief,0,0,chief,0,0,chief,0,0,chief,0,0,chief,0,0,human,0,0
t0379,published,published,1,1,published,1,1,published,1,1,published,1,1,published,1,1,published,1,1
t0380,strong,strong,1,1,strong,1,1,strong,1,1,strong,1,1,strong,1,1,strong,1,1
t0381,saint,saint,1,1,saint,1,1,saint,1,1,saint,1,1,saint,1,1,saint,1,1
t0382,research,search,0,0,research,1,1,research,1,1,research,1,1,research,1,1,research,1,1
t0383,field,award,0,0,award,0,0,award,0,0,field,1,1,field,1,1,field,1,1
t0384,increased,forms,0,0,increased,1,1,increased,1,1,increased,1,1,increased,1,1,increased,1,1
t0385,finished,decided,0,0,finished,1,1,finished,1,1,finished,1,1,finished,1,1,finished,1,1
t0386,civil,school,0,0,school,0,0,school,0,0,school,0,0,school,0,0,civil,1,1
t0387,helped,western,0,0,helped,1,1,helped,1,1,helped,1,1,helped,1,1,helped,1,1
t0388,continue,continue,1,1,continue,1,1,continue,1,1,continue,1,1,continue,1,1,continued,0,0
t0389,itself,south,0,0,south,0,0,south,0,0,south,0,0,south,0,0,itself,1,1
t0390,rather,might,0,0,right,0,0,brought,0,0,brought,0,0,brought,0,0,rather,1,1
t0391,source,fourth,0,0,fourth,0,0,small,0,0,source,1,1,source,1,1,source,1,1
t0392,series,cities,0,0,cities,0,0,cities,0,0,cities,0,0,cities,0,0,series,1,1
t0393,primary,primary,1,1,primary,1,1,primary,1,1,primary,1,1,primary,1,1,primary,1,1
t0394,roman,known,0,0,known,0,0,known,0,0,among,0,0,roman,1,1,roman,1,1
t0395,catholic,lower,0,0,lower,0,0,catholic,1,1,catholic,1,1,catholic,1,1,catholic,1,1
t0396,considered,generally,0,0,generally,0,0,general,0,0,general,0,0,considered,1,1,considered,1,1
t0397,leading,leading,1,1,leading,1,1,leading,1,1,leading,1,1,leading,1,1,leading,1,1
t0398,several,cities,0,0,cities,0,0,south,0,0,south,0,0,seven,0,0,several,1,1
t0399,products,cause,0,0,cause,0,0,office,0,0,products,1,1,products,1,1,products,1,1
t0400,germany,germany,1,1,germany,1,1,germany,1,1,germany,1,1,germany,1,1,germany,1,1
t0401,notable,school,0,0,school,0,0,school,0,0,multiple,0,0,multiple,0,0,notable,1,1
t0402,minor,minor,1,1,minor,1,1,minor,1,1,minor,1,1,minor,1,1,minor,1,1
t0403,began,making,0,0,began,1,1,began,1,1,became,0,0,became,0,0,began,1,1
t0404,working,taken,0,0,taken,0,0,female,0,0,female,0,0,working,1,1,working,1,1
t0405,university,mostly,0,0,mostly,0,0,almost,0,0,numerous,0,0,numerous,0,0,university,1,1
t0406,first,surface,0,0,first,1,1,first,1,1,first,1,1,first,1,1,first,1,1
t0407,played,named,0,0,named,0,0,named,0,0,named,0,0,named,0,0,played,1,1
t0408,round,nothing,0,0,nothing,0,0,nothing,0,0,mountain,0,0,round,1,1,round,1,1
t0409,north,peter,0,0,video,0,0,three,0,0,northern,0,0,north,1,1,north,1,1
t0410,american,character,0,0,appeared,0,0,american,1,1,american,1,1,american,1,1,american,1,1
t0411,association,association,1,1,association,1,1,association,1,1,association,1,1,association,1,1,association,1,1
t0412,american,firefox,0,0,firefox,0,0,required,0,0,american,1,1,american,1,1,american,1,1
t0413,number,numerous,0,0,upper,0,0,upper,0,0,number,1,1,number,1,1,number,1,1
t0414,international,wanted,0,0,write,0,0,taught,0,0,taught,0,0,charge,0,0,international,1,1
t0415,particularly,access,0,0,access,0,0,stories,0,0,stories,0,0,particularly,1,1,particularly,1,1
t0416,nature,present,0,0,present,0,0,present,0,0,cemetery,0,0,cemetery,0,0,nature,1,1
t0417,another,islands,0,0,islands,0,0,islands,0,0,islands,0,0,another,1,1,another,1,1
t0418,reviews,reviews,1,1,reviews,1,1,reviews,1,1,reviews,1,1,reviews,1,1,reviews,1,1
t0419,whole,variety,0,0,variety,0,0,variety,0,0,version,0,0,lower,0,0,whole,1,1
t0420,playing,playing,1,1,playing,1,1,playing,1,1,playing,1,1,playing,1,1,playing,1,1
t0421,business,artist,0,0,artist,0,0,magazine,0,1,business,1,1,business,1,1,business,1,1
t0422,allowed,along,0,0,along,0,0,along,0,0,along,0,0,allowed,1,1,allowed,1,1
t0423,found,method,0,0,style,0,0,sound,0,0,sound,0,0,sound,0,0,sound,0,0
t0424,training,royal,0,0,awards,0,0,roman,0,0,roman,0,0,training,1,1,training,1,1
t0425,school,material,0,0,taking,0,0,taking,0,0,school,1,1,school,1,1,school,1,1
t0426,performance,process,0,0,rights,0,0,products,0,0,performance,1,1,performance,1,1,performance,1,1
t0427,white,white,1,1,white,1,1,white,1,1,white,1,1,white,1,1,white,1,1
t0428,going,described,0,0,described,0,0,described,0,0,described,0,0,going,1,1,going,1,1
t0429,himself,matter,0,0,matter,0,0,matter,0,0,metal,0,0,metal,0,0,themselves,0,0
t0430,other,never,0,0,never,0,0,never,0,0,rather,0,0,another,0,0,other,1,1
t0431,times,family,0,0,family,0,0,family,0,0,times,1,1,times,1,1,times,1,1
t0432,moment,mother,0,0,mother,0,0,moment,1,1,moment,1,1,moment,1,1,moment,1,1
t0433,their,stars,0,0,their,1,1,their,1,1,their,1,1,their,1,1,their,1,1
t0434,outside,inside,0,0,inside,0,0,inside,0,0,inside,0,0,inside,0,0,outside,1,1
t0435,seemed,isn't,0,0,similar,0,0,similar,0,0,similar,0,0,similar,0,0,seemed,1,1
t0436,famous,these,0,0,business,0,0,famous,1,1,famous,1,1,famous,1,1,famous,1,1
t0437,artist,operations,0,0,operations,0,0,artist,1,1,artist,1,1,artist,1,1,artist,1,1
t0438,strong,strong,1,1,strong,1,1,strong,1,1,strong,1,1,strong,1,1,strong,1,1
t0439,highly,highly,1,1,highly,1,1,highly,1,1,highly,1,1,highly,1,1,highly,1,1
t0440,passed,passed,1,1,passed,1,1,passed,1,1,passed,1,1,passed,1,1,passed,1,1
t0441,several,several,1,1,several,1,1,several,1,1,several,1,1,several,1,1,several,1,1
t0442,running,running,1,1,running,1,1,running,1,1,running,1,1,running,1,1,running,1,1
t0443,national,national,1,1,national,1,1,national,1,1,national,1,1,national,1,1,national,1,1
t0444,source,source,1,1,source,1,1,source,1,1,source,1,1,source,1,1,source,1,1
t0445,project,south,0,0,south,0,0,south,0,0,certain,0,0,certain,0,0,project,1,1
t0446,failed,found,0,0,failed,1,1,failed,1,1,failed,1,1,failed,1,1,failed,1,1
t0447,because,festival,0,0,festival,0,0,festival,0,0,because,1,1,because,1,1,because,1,1
t0448,north,horse,0,0,north,1,1,north,1,1,north,1,1,north,1,1,north,1,1
t0449,coast,central,0,0,central,0,0,central,0,0,coast,1,1,coast,1,1,coast,1,1
t0450,especially,especially,1,1,especially,1,1,especially,1,1,especially,1,1,especially,1,1,especially,1,1
t0451,isn't,isn't,1,1,isn't,1,1,isn't,1,1,isn't,1,1,isn't,1,1,isn't,1,1
t0452,making,central,0,0,central,0,0,indian,0,0,native,0,0,native,0,0,making,1,1
t0453,himself,gives,0,0,cases,0,0,cases,0,0,cases,0,0,themselves,0,0,himself,1,1
t0454,independent,whether,0,0,medical,0,0,medical,0,0,magazine,0,0,metal,0,0,independent,1,1
t0455,research,association,0,0,association,0,0,association,0,0,association,0,0,social,0,0,research,1,1
t0456,great,called,0,0,called,0,0,called,0,0,called,0,0,called,0,0,believed,0,0
t0457,table,table,1,1,table,1,1,table,1,1,table,1,1,table,1,1,table,1,1
t0458,point,whole,0,0,whole,0,0,whole,0,0,whole,0,0,whole,0,0,point,1,1
t0459,during,further,0,0,further,0,0,garden,0,0,garden,0,0,garden,0,0,buried,0,0
t0460,buried,learn,0,0,worked,0,0,buried,1,1,buried,1,1,buried,1,1,buried,1,1
t0461,different,brown,0,0,japan,0,0,japan,0,0,japan,0,0,different,1,1,different,1,1
t0462,names,names,1,1,names,1,1,names,1,1,names,1,1,names,1,1,names,1,1
t0463,album,operated,0,0,operated,0,0,already,0,0,already,0,0,already,0,0,album,1,1
t0464,created,created,1,1,created,1,1,created,1,1,created,1,1,created,1,1,created,1,1
t0465,don't,below,0,0,included,0,0,their,0,0,their,0,0,their,0,0,don't,1,1
t0466,popular,about,0,0,without,0,0,without,0,0,without,0,0,popular,1,1,popular,1,1
t0467,seemed,received,0,0,received,0,0,received,0,0,received,0,0,seemed,1,1,seemed,1,1
t0468,earth,large,0,0,large,0,0,earth,1,1,earth,1,1,earth,1,1,earth,1,1
t0469,about,south,0,0,about,1,1,about,1,1,about,1,1,about,1,1,about,1,1
t0470,hundred,nearby,0,0,junior,0,0,hundred,1,1,hundred,1,1,hundred,1,1,hundred,1,1
t0471,means,mixed,0,0,means,1,1,means,1,1,means,1,1,means,1,1,means,1,1
t0472,means,needs,0,0,needs,0,0,needs,0,0,needs,0,0,needs,0,0,means,1,1
t0473,every,every,1,1,standard,0,0,standard,0,0,every,1,1,every,1,1,every,1,1
t0474,later,limited,0,0,limited,0,0,league,0,0,island,0,0,island,0,0,native,0,0
t0475,after,often,0,0,often,0,0,after,1,1,after,1,1,after,1,1,after,1,1
t0476,their,given,0,0,given,0,0,given,0,0,being,0,0,given,0,0,death,0,0
t0477,there,looked,0,0,looked,0,0,looked,0,0,looked,0,0,looked,0,0,there,1,1
t0478,until,party,0,0,party,0,0,party,0,0,party,0,0,talking,0,0,larger,0,0
t0479,people,anything,0,0,anything,0,0,ended,0,0,ended,0,0,ended,0,0,people,1,1
t0480,since,dance,0,0,dance,0,0,times,0,0,times,0,0,times,0,0,since,1,1
t0481,seven,seven,1,1,seven,1,1,seven,1,1,seven,1,1,seven,1,1,seven,1,1
t0482,three,usually,0,0,usually,0,0,usually,0,0,usually,0,0,three,1,1,three,1,1
t0483,close,close,1,1,close,1,1,close,1,1,close,1,1,close,1,1,close,1,1
t0484,information,location,0,0,location,0,0,location,0,0,information,1,1,information,1,1,information,1,1
t0485,anything,anything,1,1,anything,1,1,france,0,0,france,0,0,france,0,0,anything,1,1
t0486,twice,forest,0,0,forest,0,0,twice,1,1,twice,1,1,twice,1,1,twice,1,1
t0487,fourth,forward,0,0,forward,0,0,before,0,0,before,0,0,before,0,0,fourth,1,1
t0488,later,center,0,0,center,0,0,later,1,1,later,1,1,later,1,1,later,1,1
t0489,second,among,0,0,musical,0,0,second,1,1,second,1,1,second,1,1,second,1,1
t0490,under,population,0,0,population,0,0,american,0,0,technology,0,0,director,0,0,director,0,0
t0491,season,season,1,1,season,1,1,season,1,1,season,1,1,season,1,1,season,1,1
t0492,again,appearance,0,0,again,1,1,again,1,1,again,1,1,again,1,1,again,1,1
t0493,league,greek,0,0,greek,0,0,leave,0,0,leave,0,0,league,1,1,league,1,1
t0494,centre,support,0,0,smaller,0,0,centre,1,1,centre,1,1,centre,1,1,center,0,0
t0495,district,elected,0,0,elected,0,0,elected,0,0,elected,0,0,takes,0,0,district,1,1
t0496,later,female,0,0,female,0,0,female,0,0,female,0,0,clear,0,0,later,1,1
t0497,member,medical,0,0,never,0,0,never,0,0,never,0,0,never,0,0,member,1,1
t0498,awards,himself,0,0,world,0,0,world,0,0,world,0,0,world,0,0,awards,1,1
t0499,never,limited,0,0,limited,0,0,never,1,1,never,1,1,never,1,1,never,1,1
t0500,heart,heart,1,1,heart,1,1,heart,1,1,heart,1,1,heart,1,1,heart,1,1
t0501,nothing,again,0,0,nothing,1,1,nothing,1,1,nothing,1,1,nothing,1,1,nothing,1,1
t0502,hands,hands,1,1,hands,1,1,hands,1,1,hands,1,1,hands,1,1,hands,1,1
t0504,woman,united,0,0,money,0,0,woman,1,1,woman,1,1,woman,1,1,woman,1,1
t0505,alchemist,alchemist,1,1,alchemist,1,1,alchemist,1,1,alchemist,1,1,alchemist,1,1,alchemist,1,1
t0506,could,owned,0,0,owned,0,0,border,0,0,border,0,0,border,0,0,could,1,1
t0507,appeared,theory,0,0,theory,0,0,theory,0,0,appeared,1,1,appeared,1,1,appeared,1,1
t0508,between,areas,0,0,period,0,0,period,0,0,period,0,0,between,1,1,between,1,1
t0509,stone,wrote,0,0,whether,0,0,festival,0,0,though,0,0,stone,1,1,stone,1,1
t0510,green,mainly,0,0,canadian,0,0,canadian,0,0,canadian,0,0,canadian,0,0,created,0,0
t0511,yellow,earlier,0,0,earlier,0,0,yellow,1,1,yellow,1,1,yellow,1,1,yellow,1,1
t0512,asked,cross,0,0,passed,0,0,asked,1,1,asked,1,1,asked,1,1,asked,1,1
t0513,seemed,following,0,0,following,0,0,followed,0,0,small,0,0,small,0,0,seemed,1,1
t0514,thought,forced,0,0,forced,0,0,forced,0,0,forced,0,0,forced,0,0,forced,0,0
t0515,members,members,1,1,members,1,1,members,1,1,members,1,1,members,1,1,members,1,1
t0516,title,charge,0,0,charge,0,0,title,1,1,title,1,1,title,1,1,title,1,1
t0517,based,remains,0,0,remains,0,0,remains,0,0,remains,0,0,raised,0,0,based,1,1
t0518,called,called,1,1,called,1,1,called,1,1,called,1,1,called,1,1,called,1,1
t0519,although,woman,0,0,woman,0,0,author,0,0,author,0,0,although,1,1,although,1,1
t0520,usually,campaign,0,0,country,0,0,country,0,0,country,0,0,usually,1,1,usually,1,1
t0521,written,already,0,0,already,0,0,written,1,1,written,1,1,written,1,1,written,1,1
t0522,chinese,chinese,1,1,chinese,1,1,chinese,1,1,chinese,1,1,chinese,1,1,chinese,1,1
t0523,cross,cross,1,1,cross,1,1,cross,1,1,cross,1,1,cross,1,1,cross,1,1
t0524,party,worked,0,0,marked,0,0,marked,0,0,party,1,1,party,1,1,party,1,1
t0525,today,though,0,0,above,0,0,above,0,0,festival,0,0,today,1,1,today,1,1
t0526,considered,person,0,0,person,0,0,mostly,0,0,considered,1,1,considered,1,1,considered,1,1
t0527,association,associated,0,0,association,1,1,association,1,1,association,1,1,association,1,1,association,1,1
t0528,believe,brown,0,0,brown,0,0,brown,0,0,brown,0,0,playing,0,0,believe,1,1
t0529,chinese,initially,0,0,changes,0,0,changes,0,0,chinese,1,1,chinese,1,1,chinese,1,1
t0530,popular,looked,0,0,looked,0,0,looked,0,0,popular,1,1,popular,1,1,popular,1,1
t0531,natural,natural,1,1,natural,1,1,natural,1,1,natural,1,1,natural,1,1,natural,1,1
t0532,social,search,0,0,search,0,0,search,0,0,social,1,1,social,1,1,social,1,1
t0533,nothing,nothing,1,1,nothing,1,1,nothing,1,1,nothing,1,1,nothing,1,1,nothing,1,1
t0534,really,originally,0,0,originally,0,0,originally,0,0,originally,0,0,originally,0,0,originally,0,0
t0535,alchemist,gives,0,0,gives,0,0,gives,0,0,gives,0,0,gives,0,0,characters,0,0
t0536,turned,turned,1,1,turned,1,1,turned,1,1,turned,1,1,turned,1,1,turned,1,1
t0537,beginning,along,0,0,along,0,0,along,0,0,along,0,0,along,0,0,being,0,0
t0538,could,languages,0,0,products,0,0,could,1,1,could,1,1,could,1,1,could,1,1
t0539,started,start,0,0,start,0,0,start,0,0,start,0,0,start,0,0,started,1,1
t0540,years,means,0,0,means,0,0,minutes,0,0,minutes,0,0,minutes,0,0,years,1,1
t0541,south,times,0,0,sound,0,0,south,1,1,south,1,1,south,1,1,south,1,1
t0542,there,richard,0,0,richard,0,0,richard,0,0,they're,0,0,they're,0,0,there,1,1
t0543,asked,offered,0,0,offered,0,0,asked,1,1,asked,1,1,asked,1,1,asked,1,1
t0544,dream,dream,1,1,dream,1,1,dream,1,1,dream,1,1,dream,1,1,dream,1,1
t0545,reason,remains,0,0,remains,0,0,reason,1,1,reason,1,1,reason,1,1,reason,1,1
t0546,looked,looked,1,1,looked,1,1,looked,1,1,looked,1,1,looked,1,1,looked,1,1
t0547,nothing,method,0,0,method,0,0,method,0,0,method,0,0,method,0,0,nothing,1,1
t0548,returned,police,0,0,police,0,0,because,0,0,going,0,0,don't,0,0,turned,0,0
t0549,continued,under,0,0,continued,1,1,continued,1,1,continued,1,1,continued,1,1,continued,1,1
t0550,reading,needed,0,0,reading,1,1,reading,1,1,reading,1,1,reading,1,1,reading,1,1
t0551,election,owned,0,0,alone,0,0,election,1,1,election,1,1,election,1,1,election,1,1
t0552,party,party,1,1,party,1,1,party,1,1,party,1,1,party,1,1,party,1,1
t0553,president,asked,0,0,asked,0,0,listed,0,0,listed,0,0,president,1,1,president,1,1
t0554,these,these,1,1,these,1,1,these,1,1,these,1,1,these,1,1,these,1,1
t0555,featured,general,0,0,general,0,0,general,0,0,general,0,0,through,0,0,featured,1,1
t0556,never,never,1,1,never,1,1,never,1,1,never,1,1,never,1,1,never,1,1
t0557,certain,certain,1,1,certain,1,1,certain,1,1,certain,1,1,certain,1,1,certain,1,1
t0558,mostly,mostly,1,1,mostly,1,1,mostly,1,1,mostly,1,1,mostly,1,1,mostly,1,1
t0559,groups,particular,0,0,groups,1,1,groups,1,1,groups,1,1,groups,1,1,groups,1,1
t0560,series,series,1,1,series,1,1,series,1,1,series,1,1,series,1,1,series,1,1
t0561,often,about,0,0,developed,0,0,allowed,0,0,marked,0,0,awards,0,0,often,1,1
t0562,performed,didn't,0,0,didn't,0,0,which,0,0,which,0,0,between,0,0,performed,1,1
t0563,lower,little,0,0,little,0,0,lower,1,1,lower,1,1,lower,1,1,lower,1,1
t0564,would,brought,0,0,brought,0,0,brought,0,0,brought,0,0,brought,0,0,would,1,1
t0565,street,called,0,0,called,0,0,called,0,0,called,0,0,called,0,0,street,1,1
t0566,change,change,1,1,change,1,1,change,1,1,change,1,1,change,1,1,change,1,1
t0567,james,large,0,0,lines,0,0,lines,0,0,lines,0,0,lives,0,0,james,1,1
t0568,three,places,0,0,possible,0,0,possible,0,0,possible,0,0,possible,0,0,christian,0,0
t0569,member,member,1,1,member,1,1,member,1,1,member,1,1,member,1,1,member,1,1
t0570,board,american,0,0,member,0,1,larger,0,0,board,1,1,board,1,1,board,1,1
t0571,longer,author,0,0,longer,1,1,longer,1,1,longer,1,1,longer,1,1,longer,1,1
t0572,mother,modern,0,0,modern,0,0,modern,0,0,mother,1,1,mother,1,1,model,0,0
t0573,meaning,parts,0,0,that's,0,0,that's,0,0,that's,0,0,meaning,1,1,meaning,1,1
t0574,through,three,0,0,three,0,0,three,0,0,three,0,0,three,0,0,through,1,1
t0575,taking,campaign,0,0,taken,0,0,taken,0,0,taken,0,0,taken,0,0,taking,1,1
t0576,based,their,0,0,their,0,0,their,0,0,their,0,0,there's,0,0,based,1,1
t0577,research,research,1,1,research,1,1,research,1,1,research,1,1,research,1,1,research,1,1
t0578,established,capital,0,0,established,1,1,established,1,1,established,1,1,established,1,1,established,1,1
t0579,canadian,canadian,1,1,canadian,1,1,canadian,1,1,canadian,1,1,canadian,1,1,canadian,1,1
t0580,music,business,0,0,business,0,0,least,0,0,music,1,1,music,1,1,music,1,1
t0581,however,william,0,0,william,0,0,below,0,0,level,0,0,level,0,0,however,1,1
t0582,called,within,0,0,within,0,0,within,0,0,within,0,0,within,0,0,cause,0,0
t0583,school,close,0,0,school,1,1,school,1,1,school,1,1,school,1,1,school,1,1
t0584,became,though,0,0,though,0,0,famous,0,0,famous,0,0,became,1,1,became,1,1
t0585,eventually,stone,0,0,story,0,0,story,0,0,including,0,0,including,0,0,eventually,1,1
t0586,become,public,0,0,public,0,0,public,0,0,public,0,0,public,0,0,become,1,1
t0587,can't,difficult,0,0,difficult,0,0,difficult,0,0,difficult,0,0,difficult,0,0,because,0,0
t0588,countries,events,0,0,languages,0,0,languages,0,0,languages,0,0,languages,0,0,languages,0,0
t0589,around,track,0,0,sound,0,0,sound,0,0,around,1,1,around,1,1,around,1,1
t0590,possible,center,0,0,center,0,0,center,0,0,centre,0,0,possible,1,1,possible,1,1
t0591,voice,voice,1,1,voice,1,1,voice,1,1,voice,1,1,voice,1,1,voice,1,1
t0592,voice,talking,0,0,voice,1,1,voice,1,1,voice,1,1,voice,1,1,voice,1,1
t0593,voice,force,0,0,voice,1,1,voice,1,1,voice,1,1,voice,1,1,voice,1,1
t0594,valley,military,0,0,military,0,0,under,0,0,under,0,0,rather,0,0,valley,1,1
t0595,dream,continued,0,0,between,0,0,between,0,0,dream,1,1,dream,1,1,dream,1,1
t0596,twice,fight,0,0,fight,0,0,fight,0,0,fight,0,0,fight,0,0,twice,1,1
t0597,could,everyone,0,0,everyone,0,0,everyone,0,0,everyone,0,0,everyone,0,0,could,1,1
t0598,behind,behind,1,1,behind,1,1,behind,1,1,behind,1,1,behind,1,1,behind,1,1
t0599,couldn't,death,0,0,death,0,0,could,0,0,could,0,0,could,0,0,couldn't,1,1
