condition,snr,metric,mean,ci_low,ci_high
one_talker,-9.0,target_score,0.3075,0.27393595077592864,0.3418803418803419
one_talker,-9.0,is_exact,0.30583333333333335,0.27134887139465064,0.3391109772225026
one_talker,-9.0,conf_sent,0.17666666666666667,0.15431868435599777,0.20016614773758049
one_talker,-6.0,target_score,0.4008333333333333,0.36271186440677966,0.43924246947983014
one_talker,-6.0,is_exact,0.3983333333333333,0.3594541740517039,0.43976082295282826
one_talker,-6.0,conf_sent,0.13166666666666665,0.11155047863306937,0.153516295025729
one_talker,-3.0,target_score,0.49666666666666665,0.4553088906742181,0.5349573823490036
one_talker,-3.0,is_exact,0.49416666666666664,0.45423683169521956,0.5330510225521782
one_talker,-3.0,conf_sent,0.08333333333333333,0.0670191730758741,0.0994900092143881
one_talker,0.0,target_score,0.5783333333333334,0.5383912937425408,0.6196022197734724
one_talker,0.0,is_exact,0.575,0.5351588765008576,0.6134887233402133
one_talker,0.0,conf_sent,0.049166666666666664,0.036751863684771034,0.06260724140502646
one_talker,3.0,target_score,0.6475,0.6087644692264257,0.6856683415901211
one_talker,3.0,is_exact,0.6441666666666667,0.6071413862085197,0.6803472222222222
one_talker,3.0,conf_sent,0.028333333333333332,0.018643930445292972,0.03898408433236875
two_talker,-9.0,target_score,0.13,0.10149629843979839,0.1611799215793526
two_talker,-9.0,is_exact,0.12666666666666668,0.09771810262058891,0.1568627450980392
two_talker,-9.0,conf_sent,0.19,0.15771352394961846,0.2231036990278303
two_talker,-6.0,target_score,0.205,0.16836691747406032,0.24390535651768003
two_talker,-6.0,is_exact,0.205,0.16840062912541257,0.24426779203428986
two_talker,-6.0,conf_sent,0.13666666666666666,0.11003113038621391,0.16369601525529995
two_talker,-3.0,target_score,0.32,0.2751677852348993,0.36620105855257334
two_talker,-3.0,is_exact,0.32,0.27533248085400064,0.36304700162074555
two_talker,-3.0,conf_sent,0.08166666666666667,0.061015413397369676,0.10413478881201714
two_talker,0.0,target_score,0.465,0.4174885122068133,0.5135669947742417
two_talker,0.0,is_exact,0.46166666666666667,0.4152688909937948,0.5075649512776248
two_talker,0.0,conf_sent,0.05,0.03361344537815126,0.06825396825396825
two_talker,3.0,target_score,0.5833333333333334,0.5347632562009315,0.628714113050101
two_talker,3.0,is_exact,0.58,0.532869500741473,0.6256538268015878
two_talker,3.0,conf_sent,0.025,0.013136288998357963,0.03880197161447162
four_talker,-9.0,target_score,0.08,0.055827078618026896,0.10578554706230785
four_talker,-9.0,is_exact,0.07666666666666666,0.05356862084456424,0.10097719869706841
four_talker,-9.0,conf_sent,0.10166666666666667,0.07773720176386414,0.12635586538860533
four_talker,-6.0,target_score,0.165,0.13077829338077948,0.20139583333333336
four_talker,-6.0,is_exact,0.16166666666666665,0.12703524791245419,0.19757417796756538
four_talker,-6.0,conf_sent,0.07833333333333334,0.0556520315946773,0.10147655199513726
four_talker,-3.0,target_score,0.26666666666666666,0.22404841525486244,0.31270903010033446
four_talker,-3.0,is_exact,0.26166666666666666,0.21869290390949295,0.30618892508143325
four_talker,-3.0,conf_sent,0.055,0.03739837398373984,0.07460042572387154
four_talker,0.0,target_score,0.3933333333333333,0.34721430510314877,0.4391470211988304
four_talker,0.0,is_exact,0.39,0.34470559554879976,0.4366438356164384
four_talker,0.0,conf_sent,0.03,0.017300902047833563,0.043410107647141066
four_talker,3.0,target_score,0.535,0.4859038142620232,0.5834800090290906
four_talker,3.0,is_exact,0.5316666666666666,0.4841849605496216,0.5794710762174432
four_talker,3.0,conf_sent,0.016666666666666666,0.006611025637534549,0.028392090353755423
babble,-9.0,target_score,0.04833333333333333,0.030447635135135136,0.0686106346483705
babble,-9.0,is_exact,0.045,0.027491408934707903,0.0644122383252818
babble,-9.0,conf_sent,0.075,0.05545939408973922,0.09572781385281387
babble,-6.0,target_score,0.12666666666666668,0.099830722454721,0.15577949365268315
babble,-6.0,is_exact,0.12166666666666667,0.093502046464128,0.15156514588798511
babble,-6.0,conf_sent,0.06333333333333334,0.04411699865131238,0.08441558441558442
babble,-3.0,target_score,0.23333333333333334,0.19391965402817823,0.2725880244570947
babble,-3.0,is_exact,0.22833333333333333,0.18993506493506493,0.2689222055638847
babble,-3.0,conf_sent,0.03666666666666667,0.023178807947019868,0.05237516650466214
babble,0.0,target_score,0.4066666666666667,0.35598494808522113,0.457392247949481
babble,0.0,is_exact,0.405,0.3552146053367552,0.45555555555555555
babble,0.0,conf_sent,0.023333333333333334,0.012345679012345678,0.036125289334678616
babble,3.0,target_score,0.5266666666666666,0.4770315221226053,0.5766819364769142
babble,3.0,is_exact,0.525,0.47478173034694776,0.5749630818345555
babble,3.0,conf_sent,0.016666666666666666,0.006700167504187605,0.029080336276800983
issn,-9.0,target_score,0.10833333333333334,0.0836034271904027,0.13377091774982897
issn,-9.0,is_exact,0.10666666666666667,0.0825242718446602,0.132174649963154
issn,-9.0,conf_sent,0.0,0.0,0.0
issn,-6.0,target_score,0.23333333333333334,0.19856154771451484,0.2683769776322968
issn,-6.0,is_exact,0.23,0.19516400635132877,0.26436781609195403
issn,-6.0,conf_sent,0.0,0.0,0.0
issn,-3.0,target_score,0.4483333333333333,0.40530519627864764,0.4912929275452246
issn,-3.0,is_exact,0.445,0.40233626926102894,0.4874801735560377
issn,-3.0,conf_sent,0.0,0.0,0.0
issn,0.0,target_score,0.64,0.5925882043180621,0.6842126349527665
issn,0.0,is_exact,0.6383333333333333,0.5920388059701492,0.6820447429001604
issn,0.0,conf_sent,0.0,0.0,0.0
issn,3.0,target_score,0.7183333333333334,0.6748215326340326,0.759736040609137
issn,3.0,is_exact,0.715,0.6722122896717391,0.7566761970488678
issn,3.0,conf_sent,0.0,0.0,0.0
no_distractor,inf,target_score,0.8816666666666667,0.8535331765935213,0.9078519963161601
no_distractor,inf,is_exact,0.88,0.8508279932877345,0.9076501291378122
