pair,stratum,trials,metric,mean,ci_low,ci_high,unique_target_speakers
formal40_vs_valbest33,overall,10000,accuracy_difference_a_minus_b_positive_favors_a,-0.0137,-0.02357973753286523,-0.004097751711961859,795
formal40_vs_valbest33,overall,10000,cross_entropy_improvement_b_minus_a_positive_favors_a,-0.12457313031217546,-0.17966993792462915,-0.07060210620188641,795
formal40_vs_valbest33,mixed,9000,accuracy_difference_a_minus_b_positive_favors_a,-0.013111111111111112,-0.023836311365771034,-0.0025850875702280716,789
formal40_vs_valbest33,mixed,9000,cross_entropy_improvement_b_minus_a_positive_favors_a,-0.11962983031092694,-0.17577486413106905,-0.06306543544711253,789
formal40_vs_valbest33,clean,1000,accuracy_difference_a_minus_b_positive_favors_a,-0.019,-0.043256832536625725,0.004044489383215369,439
formal40_vs_valbest33,clean,1000,cross_entropy_improvement_b_minus_a_positive_favors_a,-0.16906283032341213,-0.26815473939097517,-0.07097141102928921,439
formal40_vs_valbest33,distractors_1,2250,accuracy_difference_a_minus_b_positive_favors_a,-0.010222222222222223,-0.026778701258799248,0.006554491432952901,618
formal40_vs_valbest33,distractors_1,2250,cross_entropy_improvement_b_minus_a_positive_favors_a,-0.107257393512984,-0.17881577284901107,-0.03596491508808204,618
formal40_vs_valbest33,distractors_2,2250,accuracy_difference_a_minus_b_positive_favors_a,-0.018222222222222223,-0.034101391132183606,-0.0022257617902932715,601
formal40_vs_valbest33,distractors_2,2250,cross_entropy_improvement_b_minus_a_positive_favors_a,-0.15901835556552804,-0.23334997906013008,-0.08425144706085298,601
formal40_vs_valbest33,distractors_3,2250,accuracy_difference_a_minus_b_positive_favors_a,-0.015111111111111112,-0.03302793977770957,0.0030239545323164935,613
formal40_vs_valbest33,distractors_3,2250,cross_entropy_improvement_b_minus_a_positive_favors_a,-0.07848273360198825,-0.15564027128123262,-0.0012385016444326547,613
formal40_vs_valbest33,distractors_4,2250,accuracy_difference_a_minus_b_positive_favors_a,-0.008888888888888889,-0.02515445879708893,0.007455905468000164,617
formal40_vs_valbest33,distractors_4,2250,cross_entropy_improvement_b_minus_a_positive_favors_a,-0.13376083856320747,-0.2069272567427107,-0.062416940129799946,617
formal40_vs_valbest33,snr_bin_0,1800,accuracy_difference_a_minus_b_positive_favors_a,0.01,-0.007821338346381206,0.02724177071509648,576
formal40_vs_valbest33,snr_bin_0,1800,cross_entropy_improvement_b_minus_a_positive_favors_a,-0.07409312440272516,-0.15268244714843338,0.003326295337287651,576
formal40_vs_valbest33,snr_bin_1,1800,accuracy_difference_a_minus_b_positive_favors_a,0.008333333333333333,-0.00700532474827819,0.023934778892640934,579
formal40_vs_valbest33,snr_bin_1,1800,cross_entropy_improvement_b_minus_a_positive_favors_a,-0.07104050924855453,-0.1519454867770187,0.01183673123519066,579
formal40_vs_valbest33,snr_bin_2,1800,accuracy_difference_a_minus_b_positive_favors_a,-0.03833333333333333,-0.059668537721826,-0.01749218700841077,564
formal40_vs_valbest33,snr_bin_2,1800,cross_entropy_improvement_b_minus_a_positive_favors_a,-0.18813206613455513,-0.2657992383033631,-0.11188630661954764,564
formal40_vs_valbest33,snr_bin_3,1800,accuracy_difference_a_minus_b_positive_favors_a,-0.02388888888888889,-0.042735167837626854,-0.004600081093287967,573
formal40_vs_valbest33,snr_bin_3,1800,cross_entropy_improvement_b_minus_a_positive_favors_a,-0.16199333469445734,-0.23734941379305216,-0.08416262425591714,573
formal40_vs_valbest33,snr_bin_4,1800,accuracy_difference_a_minus_b_positive_favors_a,-0.021666666666666667,-0.041863201530612244,-0.0022370116251198484,572
formal40_vs_valbest33,snr_bin_4,1800,cross_entropy_improvement_b_minus_a_positive_favors_a,-0.10289011707434254,-0.1862297994977767,-0.020996236007429375,572
formal40_vs_valbest33,distractors_1__snr_bin_0,450,accuracy_difference_a_minus_b_positive_favors_a,0.006666666666666667,-0.031746031746031744,0.04458740900818924,276
formal40_vs_valbest33,distractors_1__snr_bin_0,450,cross_entropy_improvement_b_minus_a_positive_favors_a,-0.13719241447983224,-0.2770558428230922,0.004212505227959892,276
formal40_vs_valbest33,distractors_1__snr_bin_1,450,accuracy_difference_a_minus_b_positive_favors_a,0.013333333333333334,-0.01656376026610933,0.043859649122807015,283
formal40_vs_valbest33,distractors_1__snr_bin_1,450,cross_entropy_improvement_b_minus_a_positive_favors_a,-0.05122650999521285,-0.18833355285256537,0.08235770417135788,283
formal40_vs_valbest33,distractors_1__snr_bin_2,450,accuracy_difference_a_minus_b_positive_favors_a,-0.05333333333333334,-0.09382313411209817,-0.013635590599876325,273
formal40_vs_valbest33,distractors_1__snr_bin_2,450,cross_entropy_improvement_b_minus_a_positive_favors_a,-0.17482336228545137,-0.3085971406487763,-0.03830690971255532,273
formal40_vs_valbest33,distractors_1__snr_bin_3,450,accuracy_difference_a_minus_b_positive_favors_a,0.0044444444444444444,-0.02511559198771198,0.03426283449056491,272
formal40_vs_valbest33,distractors_1__snr_bin_3,450,cross_entropy_improvement_b_minus_a_positive_favors_a,-0.08255197194982705,-0.21227035277917145,0.04600536771708177,272
formal40_vs_valbest33,distractors_1__snr_bin_4,450,accuracy_difference_a_minus_b_positive_favors_a,-0.022222222222222223,-0.055794230916615575,0.009389671361502348,271
formal40_vs_valbest33,distractors_1__snr_bin_4,450,cross_entropy_improvement_b_minus_a_positive_favors_a,-0.09049270885459641,-0.21304115271226048,0.02953694220174172,271
formal40_vs_valbest33,distractors_2__snr_bin_0,450,accuracy_difference_a_minus_b_positive_favors_a,-0.0044444444444444444,-0.033937492194329955,0.024943310657596373,282
formal40_vs_valbest33,distractors_2__snr_bin_0,450,cross_entropy_improvement_b_minus_a_positive_favors_a,-0.09281308871234716,-0.21643268930772344,0.03184650918029674,282
formal40_vs_valbest33,distractors_2__snr_bin_1,450,accuracy_difference_a_minus_b_positive_favors_a,0.008888888888888889,-0.02283199954432831,0.04026885397118228,275
formal40_vs_valbest33,distractors_2__snr_bin_1,450,cross_entropy_improvement_b_minus_a_positive_favors_a,-0.10329002551535164,-0.239220117125749,0.03655857428445157,275
formal40_vs_valbest33,distractors_2__snr_bin_2,450,accuracy_difference_a_minus_b_positive_favors_a,-0.04888888888888889,-0.08525345622119816,-0.01152073732718894,276
formal40_vs_valbest33,distractors_2__snr_bin_2,450,cross_entropy_improvement_b_minus_a_positive_favors_a,-0.18220699324228512,-0.3057334688745071,-0.05543416249112437,276
formal40_vs_valbest33,distractors_2__snr_bin_3,450,accuracy_difference_a_minus_b_positive_favors_a,-0.03111111111111111,-0.06265360141866166,-0.00207415627902222,280
formal40_vs_valbest33,distractors_2__snr_bin_3,450,cross_entropy_improvement_b_minus_a_positive_favors_a,-0.28368155192467637,-0.42343155460153814,-0.14522303804940753,280
formal40_vs_valbest33,distractors_2__snr_bin_4,450,accuracy_difference_a_minus_b_positive_favors_a,-0.015555555555555555,-0.05263157894736842,0.02050113895216401,279
formal40_vs_valbest33,distractors_2__snr_bin_4,450,cross_entropy_improvement_b_minus_a_positive_favors_a,-0.13310011843297995,-0.2559530001024963,-0.009401844272927016,279
formal40_vs_valbest33,distractors_3__snr_bin_0,450,accuracy_difference_a_minus_b_positive_favors_a,0.028888888888888888,-0.004193758559708537,0.06167400881057269,274
formal40_vs_valbest33,distractors_3__snr_bin_0,450,cross_entropy_improvement_b_minus_a_positive_favors_a,0.038273413471567166,-0.11801479621205169,0.1969469527893201,274
formal40_vs_valbest33,distractors_3__snr_bin_1,450,accuracy_difference_a_minus_b_positive_favors_a,-0.0022222222222222222,-0.03644646924829157,0.03286384976525822,282
formal40_vs_valbest33,distractors_3__snr_bin_1,450,cross_entropy_improvement_b_minus_a_positive_favors_a,-0.05674104594280632,-0.19523735121748184,0.07549727002610632,282
formal40_vs_valbest33,distractors_3__snr_bin_2,450,accuracy_difference_a_minus_b_positive_favors_a,-0.028888888888888888,-0.0651685393258427,0.0071263148965049145,279
formal40_vs_valbest33,distractors_3__snr_bin_2,450,cross_entropy_improvement_b_minus_a_positive_favors_a,-0.17207791882934037,-0.29122947484170425,-0.0528437860679623,279
formal40_vs_valbest33,distractors_3__snr_bin_3,450,accuracy_difference_a_minus_b_positive_favors_a,-0.03333333333333333,-0.06881720430107527,0.0,273
formal40_vs_valbest33,distractors_3__snr_bin_3,450,cross_entropy_improvement_b_minus_a_positive_favors_a,-0.08201611480286372,-0.20261701864706386,0.04087579335778648,273
formal40_vs_valbest33,distractors_3__snr_bin_4,450,accuracy_difference_a_minus_b_positive_favors_a,-0.04,-0.07623318385650224,-0.004524886877828055,277
formal40_vs_valbest33,distractors_3__snr_bin_4,450,cross_entropy_improvement_b_minus_a_positive_favors_a,-0.11985200190649796,-0.26185492361155005,0.022860908457700987,277
formal40_vs_valbest33,distractors_4__snr_bin_0,450,accuracy_difference_a_minus_b_positive_favors_a,0.008888888888888889,-0.020596146579052337,0.037975435220541795,276
formal40_vs_valbest33,distractors_4__snr_bin_0,450,cross_entropy_improvement_b_minus_a_positive_favors_a,-0.10464040789028836,-0.23732105730069905,0.028022700684849057,276
formal40_vs_valbest33,distractors_4__snr_bin_1,450,accuracy_difference_a_minus_b_positive_favors_a,0.013333333333333334,-0.017977528089887642,0.04464443277310922,284
formal40_vs_valbest33,distractors_4__snr_bin_1,450,cross_entropy_improvement_b_minus_a_positive_favors_a,-0.07290445554084728,-0.22382259814672564,0.07590540469196022,284
formal40_vs_valbest33,distractors_4__snr_bin_2,450,accuracy_difference_a_minus_b_positive_favors_a,-0.022222222222222223,-0.05630630630630631,0.01126126126126126,278
formal40_vs_valbest33,distractors_4__snr_bin_2,450,cross_entropy_improvement_b_minus_a_positive_favors_a,-0.2234199901811436,-0.37016538625337136,-0.08418997074513951,278
formal40_vs_valbest33,distractors_4__snr_bin_3,450,accuracy_difference_a_minus_b_positive_favors_a,-0.035555555555555556,-0.07317335996635828,0.0022125120185232405,281
formal40_vs_valbest33,distractors_4__snr_bin_3,450,cross_entropy_improvement_b_minus_a_positive_favors_a,-0.1997237001004622,-0.31852403030042825,-0.07696511959363196,281
formal40_vs_valbest33,distractors_4__snr_bin_4,450,accuracy_difference_a_minus_b_positive_favors_a,-0.008888888888888889,-0.04666666666666667,0.027523421707354993,273
formal40_vs_valbest33,distractors_4__snr_bin_4,450,cross_entropy_improvement_b_minus_a_positive_favors_a,-0.06811563910329586,-0.18918693439828307,0.054951983985181606,273
formal40_vs_valbest33,target_gender_female,5000,accuracy_difference_a_minus_b_positive_favors_a,-0.0058,-0.021643382274537253,0.00941141368873618,123
formal40_vs_valbest33,target_gender_female,5000,cross_entropy_improvement_b_minus_a_positive_favors_a,-0.12133671691042944,-0.21809938174364651,-0.02288986046901923,123
formal40_vs_valbest33,target_gender_male,5000,accuracy_difference_a_minus_b_positive_favors_a,-0.0216,-0.03376472411400324,-0.009790063171652631,672
formal40_vs_valbest33,target_gender_male,5000,cross_entropy_improvement_b_minus_a_positive_favors_a,-0.1278095437139215,-0.18083752937468078,-0.07521351618734239,672
formal40_vs_author_external,overall,10000,accuracy_difference_a_minus_b_positive_favors_a,0.0175,0.0015100679783422236,0.033669323259368625,795
formal40_vs_author_external,overall,10000,cross_entropy_improvement_b_minus_a_positive_favors_a,0.02647849559953587,-0.0932330741985338,0.1450824865779058,795
formal40_vs_author_external,mixed,9000,accuracy_difference_a_minus_b_positive_favors_a,0.035111111111111114,0.01806431162462406,0.05170778873170152,789
formal40_vs_author_external,mixed,9000,cross_entropy_improvement_b_minus_a_positive_favors_a,0.12607258521093118,0.0034294800313901266,0.24802668516401755,789
formal40_vs_author_external,clean,1000,accuracy_difference_a_minus_b_positive_favors_a,-0.141,-0.18034356297297743,-0.10212282555558592,439
formal40_vs_author_external,clean,1000,cross_entropy_improvement_b_minus_a_positive_favors_a,-0.8698683109030221,-1.0817026137097991,-0.6656958418562342,439
formal40_vs_author_external,distractors_1,2250,accuracy_difference_a_minus_b_positive_favors_a,0.02311111111111111,-0.0013947121071307869,0.048177836858944965,618
formal40_vs_author_external,distractors_1,2250,cross_entropy_improvement_b_minus_a_positive_favors_a,0.09792819878479415,-0.05405659919313528,0.24793530913398454,618
formal40_vs_author_external,distractors_2,2250,accuracy_difference_a_minus_b_positive_favors_a,0.03155555555555556,0.006131678783682419,0.05606288610803104,601
formal40_vs_author_external,distractors_2,2250,cross_entropy_improvement_b_minus_a_positive_favors_a,0.10656647953499361,-0.04332974116120227,0.2463086190203785,601
formal40_vs_author_external,distractors_3,2250,accuracy_difference_a_minus_b_positive_favors_a,0.04533333333333334,0.01909988896213664,0.07181519228250788,613
formal40_vs_author_external,distractors_3,2250,cross_entropy_improvement_b_minus_a_positive_favors_a,0.16503891209295407,-0.0019506724116372474,0.3298847050932063,613
formal40_vs_author_external,distractors_4,2250,accuracy_difference_a_minus_b_positive_favors_a,0.04044444444444444,0.016149976613853586,0.06518753354370693,617
formal40_vs_author_external,distractors_4,2250,cross_entropy_improvement_b_minus_a_positive_favors_a,0.13475675043098292,-0.015496467314111652,0.2843835431785221,617
formal40_vs_author_external,snr_bin_0,1800,accuracy_difference_a_minus_b_positive_favors_a,0.08888888888888889,0.06406674355849583,0.11412103746397695,576
formal40_vs_author_external,snr_bin_0,1800,cross_entropy_improvement_b_minus_a_positive_favors_a,0.599990120099026,0.4473643038278486,0.7494276155598499,576
formal40_vs_author_external,snr_bin_1,1800,accuracy_difference_a_minus_b_positive_favors_a,0.07555555555555556,0.051686405737398425,0.10128069916039364,579
formal40_vs_author_external,snr_bin_1,1800,cross_entropy_improvement_b_minus_a_positive_favors_a,0.43317993015736184,0.27921545272601617,0.5847966418392122,579
formal40_vs_author_external,snr_bin_2,1800,accuracy_difference_a_minus_b_positive_favors_a,0.021111111111111112,-0.008876068376068375,0.050339562908496734,564
formal40_vs_author_external,snr_bin_2,1800,cross_entropy_improvement_b_minus_a_positive_favors_a,0.15436740097200527,-0.0009191383904648551,0.3070226476835112,564
formal40_vs_author_external,snr_bin_3,1800,accuracy_difference_a_minus_b_positive_favors_a,0.017222222222222222,-0.01041848776223776,0.04540418215713025,573
formal40_vs_author_external,snr_bin_3,1800,cross_entropy_improvement_b_minus_a_positive_favors_a,-0.14904679054489273,-0.32339984935995175,0.026602309424895623,573
formal40_vs_author_external,snr_bin_4,1800,accuracy_difference_a_minus_b_positive_favors_a,-0.02722222222222222,-0.05946241858943281,0.004350638234238342,572
formal40_vs_author_external,snr_bin_4,1800,cross_entropy_improvement_b_minus_a_positive_favors_a,-0.4081277346288444,-0.5937721943169222,-0.2273150951118562,572
formal40_vs_author_external,distractors_1__snr_bin_0,450,accuracy_difference_a_minus_b_positive_favors_a,0.10888888888888888,0.061172113289760355,0.15646406388642412,276
formal40_vs_author_external,distractors_1__snr_bin_0,450,cross_entropy_improvement_b_minus_a_positive_favors_a,0.5990527293493101,0.3236749243211002,0.8702812195932128,276
formal40_vs_author_external,distractors_1__snr_bin_1,450,accuracy_difference_a_minus_b_positive_favors_a,0.008888888888888889,-0.03862660944206009,0.05895196506550218,283
formal40_vs_author_external,distractors_1__snr_bin_1,450,cross_entropy_improvement_b_minus_a_positive_favors_a,0.2608338357494762,0.0018386564332152266,0.5245563022909231,283
formal40_vs_author_external,distractors_1__snr_bin_2,450,accuracy_difference_a_minus_b_positive_favors_a,0.03333333333333333,-0.01489441092410289,0.08149872172746382,273
formal40_vs_author_external,distractors_1__snr_bin_2,450,cross_entropy_improvement_b_minus_a_positive_favors_a,0.07004991836254604,-0.18748390343088783,0.32861977576162504,273
formal40_vs_author_external,distractors_1__snr_bin_3,450,accuracy_difference_a_minus_b_positive_favors_a,0.008888888888888889,-0.04195804195804196,0.05787071689953426,272
formal40_vs_author_external,distractors_1__snr_bin_3,450,cross_entropy_improvement_b_minus_a_positive_favors_a,-0.08219106498237908,-0.34176633004371343,0.17957809255547524,272
formal40_vs_author_external,distractors_1__snr_bin_4,450,accuracy_difference_a_minus_b_positive_favors_a,-0.044444444444444446,-0.09808532974553309,0.008869179600886918,271
formal40_vs_author_external,distractors_1__snr_bin_4,450,cross_entropy_improvement_b_minus_a_positive_favors_a,-0.3581044245549826,-0.6229431878438142,-0.09681743119486136,271
formal40_vs_author_external,distractors_2__snr_bin_0,450,accuracy_difference_a_minus_b_positive_favors_a,0.07555555555555556,0.036613272311212815,0.11374511288332104,282
formal40_vs_author_external,distractors_2__snr_bin_0,450,cross_entropy_improvement_b_minus_a_positive_favors_a,0.6334665713808499,0.38337452068910105,0.8773243003551795,282
formal40_vs_author_external,distractors_2__snr_bin_1,450,accuracy_difference_a_minus_b_positive_favors_a,0.12444444444444444,0.08163146377432091,0.16812275379680797,275
formal40_vs_author_external,distractors_2__snr_bin_1,450,cross_entropy_improvement_b_minus_a_positive_favors_a,0.5525147959776223,0.3047466408426025,0.7894093715854462,275
formal40_vs_author_external,distractors_2__snr_bin_2,450,accuracy_difference_a_minus_b_positive_favors_a,0.011111111111111112,-0.04298771407297096,0.06387665198237885,276
formal40_vs_author_external,distractors_2__snr_bin_2,450,cross_entropy_improvement_b_minus_a_positive_favors_a,0.2730735095183051,0.04890984153127173,0.49437270540252776,276
formal40_vs_author_external,distractors_2__snr_bin_3,450,accuracy_difference_a_minus_b_positive_favors_a,0.006666666666666667,-0.03935185185185185,0.05066155423374408,280
formal40_vs_author_external,distractors_2__snr_bin_3,450,cross_entropy_improvement_b_minus_a_positive_favors_a,-0.367791723149933,-0.6669043818215274,-0.08572036229582776,280
formal40_vs_author_external,distractors_2__snr_bin_4,450,accuracy_difference_a_minus_b_positive_favors_a,-0.06,-0.11276676512669036,-0.008349431301379967,279
formal40_vs_author_external,distractors_2__snr_bin_4,450,cross_entropy_improvement_b_minus_a_positive_favors_a,-0.5584307560518763,-0.8303228776545889,-0.2986919694229509,279
formal40_vs_author_external,distractors_3__snr_bin_0,450,accuracy_difference_a_minus_b_positive_favors_a,0.08888888888888889,0.045946514600781564,0.13242354252946792,274
formal40_vs_author_external,distractors_3__snr_bin_0,450,cross_entropy_improvement_b_minus_a_positive_favors_a,0.6756515747479473,0.42936218118996294,0.9251418356834361,274
formal40_vs_author_external,distractors_3__snr_bin_1,450,accuracy_difference_a_minus_b_positive_favors_a,0.07555555555555556,0.032325848164627365,0.1188345401749614,282
formal40_vs_author_external,distractors_3__snr_bin_1,450,cross_entropy_improvement_b_minus_a_positive_favors_a,0.5772337368503918,0.31456246565195045,0.8238879816339398,282
formal40_vs_author_external,distractors_3__snr_bin_2,450,accuracy_difference_a_minus_b_positive_favors_a,0.035555555555555556,-0.01569506726457399,0.08801997383918272,279
formal40_vs_author_external,distractors_3__snr_bin_2,450,cross_entropy_improvement_b_minus_a_positive_favors_a,0.22336847958464812,-0.01846835493208591,0.4629230504408159,279
formal40_vs_author_external,distractors_3__snr_bin_3,450,accuracy_difference_a_minus_b_positive_favors_a,0.05333333333333334,0.004415011037527594,0.10177091258559243,273
formal40_vs_author_external,distractors_3__snr_bin_3,450,cross_entropy_improvement_b_minus_a_positive_favors_a,-0.06937844872784454,-0.3635956585895689,0.21823174366355869,273
formal40_vs_author_external,distractors_3__snr_bin_4,450,accuracy_difference_a_minus_b_positive_favors_a,-0.02666666666666667,-0.08259351908866995,0.027843846112340125,277
formal40_vs_author_external,distractors_3__snr_bin_4,450,cross_entropy_improvement_b_minus_a_positive_favors_a,-0.5816807819903723,-0.8733597043606361,-0.30492793153545944,277
formal40_vs_author_external,distractors_4__snr_bin_0,450,accuracy_difference_a_minus_b_positive_favors_a,0.08222222222222222,0.04195804195804196,0.12412257283478094,276
formal40_vs_author_external,distractors_4__snr_bin_0,450,cross_entropy_improvement_b_minus_a_positive_favors_a,0.49178960491799645,0.25914894451899195,0.7283614630833612,276
formal40_vs_author_external,distractors_4__snr_bin_1,450,accuracy_difference_a_minus_b_positive_favors_a,0.09333333333333334,0.04845548724403351,0.13938053097345132,284
formal40_vs_author_external,distractors_4__snr_bin_1,450,cross_entropy_improvement_b_minus_a_positive_favors_a,0.34213735205195717,0.1152628673183023,0.5739428826828852,284
formal40_vs_author_external,distractors_4__snr_bin_2,450,accuracy_difference_a_minus_b_positive_favors_a,0.0044444444444444444,-0.04731386638128726,0.05458515283842795,278
formal40_vs_author_external,distractors_4__snr_bin_2,450,cross_entropy_improvement_b_minus_a_positive_favors_a,0.050977696422521916,-0.25343583471027453,0.3374117426513026,278
formal40_vs_author_external,distractors_4__snr_bin_3,450,accuracy_difference_a_minus_b_positive_favors_a,0.0,-0.054321658615136874,0.054632775850967694,281
formal40_vs_author_external,distractors_4__snr_bin_3,450,cross_entropy_improvement_b_minus_a_positive_favors_a,-0.07682592531941433,-0.3510826186847238,0.19407115476859232,281
formal40_vs_author_external,distractors_4__snr_bin_4,450,accuracy_difference_a_minus_b_positive_favors_a,0.022222222222222223,-0.027211953963975525,0.07173069034224096,273
formal40_vs_author_external,distractors_4__snr_bin_4,450,cross_entropy_improvement_b_minus_a_positive_favors_a,-0.13429497591814651,-0.4204612454527968,0.1620799378404541,273
formal40_vs_author_external,target_gender_female,5000,accuracy_difference_a_minus_b_positive_favors_a,0.0056,-0.021942331722838666,0.03189729026860599,123
formal40_vs_author_external,target_gender_female,5000,cross_entropy_improvement_b_minus_a_positive_favors_a,-0.15465121055104059,-0.3693676781674424,0.04759294536914109,123
formal40_vs_author_external,target_gender_male,5000,accuracy_difference_a_minus_b_positive_favors_a,0.0294,0.010818254934299866,0.04788339822136494,672
formal40_vs_author_external,target_gender_male,5000,cross_entropy_improvement_b_minus_a_positive_favors_a,0.20760820175011233,0.09169405350597323,0.3200762762341448,672
valbest33_vs_author_external,overall,10000,accuracy_difference_a_minus_b_positive_favors_a,0.0312,0.015685069448887305,0.04700594079369884,795
valbest33_vs_author_external,overall,10000,cross_entropy_improvement_b_minus_a_positive_favors_a,0.15105162591171134,0.035194202928802404,0.26543695142529566,795
valbest33_vs_author_external,mixed,9000,accuracy_difference_a_minus_b_positive_favors_a,0.04822222222222222,0.03188721083781016,0.0643278281180481,789
valbest33_vs_author_external,mixed,9000,cross_entropy_improvement_b_minus_a_positive_favors_a,0.2457024155218581,0.12690188000264804,0.3606999105826305,789
valbest33_vs_author_external,clean,1000,accuracy_difference_a_minus_b_positive_favors_a,-0.122,-0.16211248949231982,-0.0829353978492945,439
valbest33_vs_author_external,clean,1000,cross_entropy_improvement_b_minus_a_positive_favors_a,-0.7008054805796099,-0.9068442854363544,-0.5050921335051385,439
valbest33_vs_author_external,distractors_1,2250,accuracy_difference_a_minus_b_positive_favors_a,0.03333333333333333,0.009704455227172474,0.057238997213406084,618
valbest33_vs_author_external,distractors_1,2250,cross_entropy_improvement_b_minus_a_positive_favors_a,0.20518559229777814,0.049640859545359205,0.35602166594903434,618
valbest33_vs_author_external,distractors_2,2250,accuracy_difference_a_minus_b_positive_favors_a,0.049777777777777775,0.0253865946844849,0.07326046798029556,601
valbest33_vs_author_external,distractors_2,2250,cross_entropy_improvement_b_minus_a_positive_favors_a,0.26558483510052167,0.12453063423931819,0.39648168331804445,601
valbest33_vs_author_external,distractors_3,2250,accuracy_difference_a_minus_b_positive_favors_a,0.060444444444444446,0.03640138708364579,0.08445117147590946,613
valbest33_vs_author_external,distractors_3,2250,cross_entropy_improvement_b_minus_a_positive_favors_a,0.24352164569494233,0.09180053756281838,0.39720727835814224,613
valbest33_vs_author_external,distractors_4,2250,accuracy_difference_a_minus_b_positive_favors_a,0.04933333333333333,0.026090118298202132,0.07327388809705059,617
valbest33_vs_author_external,distractors_4,2250,cross_entropy_improvement_b_minus_a_positive_favors_a,0.26851758899419037,0.12146092484114547,0.4117443009155553,617
valbest33_vs_author_external,snr_bin_0,1800,accuracy_difference_a_minus_b_positive_favors_a,0.07888888888888888,0.05357142857142857,0.10416727299185098,576
valbest33_vs_author_external,snr_bin_0,1800,cross_entropy_improvement_b_minus_a_positive_favors_a,0.6740832445017512,0.5213874497381185,0.8273302290319897,576
valbest33_vs_author_external,snr_bin_1,1800,accuracy_difference_a_minus_b_positive_favors_a,0.06722222222222222,0.044818675456772476,0.09007102599072213,579
valbest33_vs_author_external,snr_bin_1,1800,cross_entropy_improvement_b_minus_a_positive_favors_a,0.5042204394059164,0.35640951324874065,0.6494141332146953,579
valbest33_vs_author_external,snr_bin_2,1800,accuracy_difference_a_minus_b_positive_favors_a,0.059444444444444446,0.03146443447406989,0.08680153008984014,564
valbest33_vs_author_external,snr_bin_2,1800,cross_entropy_improvement_b_minus_a_positive_favors_a,0.34249946710656043,0.1916315523155528,0.4880932015769499,564
valbest33_vs_author_external,snr_bin_3,1800,accuracy_difference_a_minus_b_positive_favors_a,0.04111111111111111,0.01590865616137835,0.06638774268293703,573
valbest33_vs_author_external,snr_bin_3,1800,cross_entropy_improvement_b_minus_a_positive_favors_a,0.012946544149564608,-0.1511193250531652,0.1734196316597328,573
valbest33_vs_author_external,snr_bin_4,1800,accuracy_difference_a_minus_b_positive_favors_a,-0.005555555555555556,-0.039024456314371216,0.027427609923194242,572
valbest33_vs_author_external,snr_bin_4,1800,cross_entropy_improvement_b_minus_a_positive_favors_a,-0.30523761755450185,-0.4874535058954519,-0.12508581680199346,572
valbest33_vs_author_external,distractors_1__snr_bin_0,450,accuracy_difference_a_minus_b_positive_favors_a,0.10222222222222223,0.055774581488431424,0.14945260347129502,276
valbest33_vs_author_external,distractors_1__snr_bin_0,450,cross_entropy_improvement_b_minus_a_positive_favors_a,0.7362451438291424,0.44881766321986993,1.0157406806860552,276
valbest33_vs_author_external,distractors_1__snr_bin_1,450,accuracy_difference_a_minus_b_positive_favors_a,-0.0044444444444444444,-0.05360836757743974,0.04398148148148148,283
valbest33_vs_author_external,distractors_1__snr_bin_1,450,cross_entropy_improvement_b_minus_a_positive_favors_a,0.3120603457446891,0.057591409868292406,0.5763716041886061,283
valbest33_vs_author_external,distractors_1__snr_bin_2,450,accuracy_difference_a_minus_b_positive_favors_a,0.08666666666666667,0.03562760622855635,0.13686598239117406,273
valbest33_vs_author_external,distractors_1__snr_bin_2,450,cross_entropy_improvement_b_minus_a_positive_favors_a,0.24487328064799738,-0.026318708555782576,0.5107951732799015,273
valbest33_vs_author_external,distractors_1__snr_bin_3,450,accuracy_difference_a_minus_b_positive_favors_a,0.0044444444444444444,-0.0425103687504713,0.050328603117536015,272
valbest33_vs_author_external,distractors_1__snr_bin_3,450,cross_entropy_improvement_b_minus_a_positive_favors_a,0.00036090696744799463,-0.24284340512957195,0.24223331932726824,272
valbest33_vs_author_external,distractors_1__snr_bin_4,450,accuracy_difference_a_minus_b_positive_favors_a,-0.022222222222222223,-0.07565106708308933,0.0321215141893721,271
valbest33_vs_author_external,distractors_1__snr_bin_4,450,cross_entropy_improvement_b_minus_a_positive_favors_a,-0.26761171570038617,-0.5360340568700734,-0.00568217773705685,271
valbest33_vs_author_external,distractors_2__snr_bin_0,450,accuracy_difference_a_minus_b_positive_favors_a,0.08,0.0342461566801755,0.12415349887133183,282
valbest33_vs_author_external,distractors_2__snr_bin_0,450,cross_entropy_improvement_b_minus_a_positive_favors_a,0.7262796600931971,0.48090426488538024,0.9659388661896018,282
valbest33_vs_author_external,distractors_2__snr_bin_1,450,accuracy_difference_a_minus_b_positive_favors_a,0.11555555555555555,0.07564962155074796,0.1555581761006289,275
valbest33_vs_author_external,distractors_2__snr_bin_1,450,cross_entropy_improvement_b_minus_a_positive_favors_a,0.6558048214929739,0.41733587600646355,0.8933964853040638,275
valbest33_vs_author_external,distractors_2__snr_bin_2,450,accuracy_difference_a_minus_b_positive_favors_a,0.06,0.009614234449760768,0.10755328318847418,276
valbest33_vs_author_external,distractors_2__snr_bin_2,450,cross_entropy_improvement_b_minus_a_positive_favors_a,0.45528050276059023,0.23436442771601992,0.6612002882279211,276
valbest33_vs_author_external,distractors_2__snr_bin_3,450,accuracy_difference_a_minus_b_positive_favors_a,0.03777777777777778,-0.009009009009009009,0.08421169331310537,280
valbest33_vs_author_external,distractors_2__snr_bin_3,450,cross_entropy_improvement_b_minus_a_positive_favors_a,-0.08411017122525663,-0.3621335473660328,0.1707735940241863,280
valbest33_vs_author_external,distractors_2__snr_bin_4,450,accuracy_difference_a_minus_b_positive_favors_a,-0.044444444444444446,-0.09417160388319681,0.006451960511679639,279
valbest33_vs_author_external,distractors_2__snr_bin_4,450,cross_entropy_improvement_b_minus_a_positive_favors_a,-0.42533063761889633,-0.6871967172533171,-0.17868402980038847,279
valbest33_vs_author_external,distractors_3__snr_bin_0,450,accuracy_difference_a_minus_b_positive_favors_a,0.06,0.02262350525425776,0.09598305766978922,274
valbest33_vs_author_external,distractors_3__snr_bin_0,450,cross_entropy_improvement_b_minus_a_positive_favors_a,0.6373781612763803,0.41049481963096757,0.858217590003653,274
valbest33_vs_author_external,distractors_3__snr_bin_1,450,accuracy_difference_a_minus_b_positive_favors_a,0.07777777777777778,0.03416722926208528,0.1206896551724138,282
valbest33_vs_author_external,distractors_3__snr_bin_1,450,cross_entropy_improvement_b_minus_a_positive_favors_a,0.6339747827931981,0.3990894157734,0.8623315469960708,282
valbest33_vs_author_external,distractors_3__snr_bin_2,450,accuracy_difference_a_minus_b_positive_favors_a,0.06444444444444444,0.015418502202643172,0.11447122080700832,279
valbest33_vs_author_external,distractors_3__snr_bin_2,450,cross_entropy_improvement_b_minus_a_positive_favors_a,0.3954463984139885,0.15807460676066076,0.634045502113504,279
valbest33_vs_author_external,distractors_3__snr_bin_3,450,accuracy_difference_a_minus_b_positive_favors_a,0.08666666666666667,0.04044717085705648,0.134293460753785,273
valbest33_vs_author_external,distractors_3__snr_bin_3,450,cross_entropy_improvement_b_minus_a_positive_favors_a,0.012637666075019196,-0.2795339955531834,0.29289082745477735,273
valbest33_vs_author_external,distractors_3__snr_bin_4,450,accuracy_difference_a_minus_b_positive_favors_a,0.013333333333333334,-0.03964803693450931,0.06741952626784081,277
valbest33_vs_author_external,distractors_3__snr_bin_4,450,cross_entropy_improvement_b_minus_a_positive_favors_a,-0.46182878008387435,-0.7564399861156558,-0.1787339003815257,277
valbest33_vs_author_external,distractors_4__snr_bin_0,450,accuracy_difference_a_minus_b_positive_favors_a,0.07333333333333333,0.034619706440058996,0.11320855507176261,276
valbest33_vs_author_external,distractors_4__snr_bin_0,450,cross_entropy_improvement_b_minus_a_positive_favors_a,0.5964300128082848,0.36099311902317655,0.8308188139022757,276
valbest33_vs_author_external,distractors_4__snr_bin_1,450,accuracy_difference_a_minus_b_positive_favors_a,0.08,0.0400890868596882,0.12240302587547719,284
valbest33_vs_author_external,distractors_4__snr_bin_1,450,cross_entropy_improvement_b_minus_a_positive_favors_a,0.4150418075928044,0.19749911106908083,0.6316497180060892,284
valbest33_vs_author_external,distractors_4__snr_bin_2,450,accuracy_difference_a_minus_b_positive_favors_a,0.02666666666666667,-0.021834061135371178,0.07510729613733906,278
valbest33_vs_author_external,distractors_4__snr_bin_2,450,cross_entropy_improvement_b_minus_a_positive_favors_a,0.27439768660366554,0.006816245448409119,0.5296544747503218,278
valbest33_vs_author_external,distractors_4__snr_bin_3,450,accuracy_difference_a_minus_b_positive_favors_a,0.035555555555555556,-0.01185046205703039,0.08428510327460757,281
valbest33_vs_author_external,distractors_4__snr_bin_3,450,cross_entropy_improvement_b_minus_a_positive_favors_a,0.12289777478104788,-0.12635380701986307,0.3702512608349381,281
valbest33_vs_author_external,distractors_4__snr_bin_4,450,accuracy_difference_a_minus_b_positive_favors_a,0.03111111111111111,-0.02128001275684541,0.08407183028699032,273
valbest33_vs_author_external,distractors_4__snr_bin_4,450,cross_entropy_improvement_b_minus_a_positive_favors_a,-0.06617933681485066,-0.3471451970336258,0.2195934090204748,273
valbest33_vs_author_external,target_gender_female,5000,accuracy_difference_a_minus_b_positive_favors_a,0.0114,-0.014846267334367112,0.03733411996066863,123
valbest33_vs_author_external,target_gender_female,5000,cross_entropy_improvement_b_minus_a_positive_favors_a,-0.033314493640611155,-0.24206389779460533,0.156800168931422,123
valbest33_vs_author_external,target_gender_male,5000,accuracy_difference_a_minus_b_positive_favors_a,0.051,0.03389475855408738,0.06818192983082941,672
valbest33_vs_author_external,target_gender_male,5000,cross_entropy_improvement_b_minus_a_positive_favors_a,0.3354177454640338,0.22307244053120417,0.44476918038980334,672
