alpha,code,source_job,unit,accuracy_pp,ci95_low,ci95_high,mean_nll,logit_max_abs,predicted_classes,most_frequent_count,collapse
0.0,alpha_0000,756262,main_mixed_correct_cue_1800,0.16666666666666666,0.0,0.37234537950245145,621.4963874562582,3138.581787109375,10,1766,True
0.01,alpha_0010,756262,main_mixed_correct_cue_1800,0.16666666666666666,0.0,0.37234537950245145,614.1774477301703,3130.65625,11,1763,True
0.02,alpha_0020,756262,main_mixed_correct_cue_1800,0.16666666666666666,0.0,0.37234537950245145,606.6301496505737,3122.28662109375,10,1759,True
0.03,alpha_0030,756262,main_mixed_correct_cue_1800,0.16666666666666666,0.0,0.37234537950245145,598.8438524733649,3113.7216796875,10,1754,True
0.04,alpha_0040,756262,main_mixed_correct_cue_1800,0.16666666666666666,0.0,0.37234537950245145,590.8095067342123,3104.992919921875,12,1749,True
0.05,alpha_0050,756262,main_mixed_correct_cue_1800,0.16666666666666666,0.0,0.37234537950245145,582.5160627725389,3096.10498046875,13,1741,True
0.06,alpha_0060,756262,main_mixed_correct_cue_1800,0.16666666666666666,0.0,0.37234537950245145,573.9558291541206,3086.823974609375,12,1736,True
0.07,alpha_0070,756262,main_mixed_correct_cue_1800,0.16666666666666666,0.0,0.37234537950245145,565.1139168315464,3077.260498046875,12,1729,True
0.08,alpha_0080,756262,main_mixed_correct_cue_1800,0.16666666666666666,0.0,0.37234537950245145,555.9815915001764,3067.330322265625,12,1720,True
0.09,alpha_0090,756262,main_mixed_correct_cue_1800,0.16666666666666666,0.0,0.37234537950245145,546.5546969434951,3056.99169921875,13,1716,True
0.1,alpha_0100,756262,main_mixed_correct_cue_1800,0.16666666666666666,0.0,0.37234537950245145,536.8153632450104,3046.19921875,14,1711,True
0.11,alpha_0110,756262,main_mixed_correct_cue_1800,0.16666666666666666,0.0,0.37234537950245145,526.7624991459317,3035.10009765625,16,1701,True
0.12,alpha_0120,756262,main_mixed_correct_cue_1800,0.16666666666666666,0.0,0.37234537950245145,516.3924036121368,3023.6435546875,16,1694,True
0.13,alpha_0130,756262,main_mixed_correct_cue_1800,0.16666666666666666,0.0,0.37234537950245145,505.70074809233347,3011.916259765625,15,1686,True
0.14,alpha_0140,756262,main_mixed_correct_cue_1800,0.16666666666666666,0.0,0.37234537950245145,494.6840024169286,2999.8427734375,17,1672,True
0.15,alpha_0150,756262,main_mixed_correct_cue_1800,0.16666666666666666,0.0,0.37234537950245145,483.3390667960379,2987.250244140625,22,1659,True
0.16,alpha_0160,756262,main_mixed_correct_cue_1800,0.16666666666666666,0.0,0.37234537950245145,471.6553820461697,2973.969970703125,24,1648,True
0.17,alpha_0170,756262,main_mixed_correct_cue_1800,0.16666666666666666,0.0,0.37234537950245145,459.6378596332338,2960.172607421875,26,1625,True
0.18,alpha_0180,756262,main_mixed_correct_cue_1800,0.16666666666666666,0.0,0.37234537950245145,447.2909076280064,2945.89892578125,29,1602,True
0.19,alpha_0190,756262,main_mixed_correct_cue_1800,0.16666666666666666,0.0,0.37234537950245145,434.597184527119,2931.051025390625,34,1576,True
0.2,alpha_0200,756262,main_mixed_correct_cue_1800,0.16666666666666666,0.0,0.37234537950245145,421.54294682724606,2915.602783203125,35,1554,True
0.21,alpha_0210,756262,main_mixed_correct_cue_1800,0.2222222222222222,0.05291005291005291,0.45942026945841796,408.1368868932459,2899.501953125,46,1531,True
0.22,alpha_0220,756262,main_mixed_correct_cue_1800,0.2222222222222222,0.05291005291005291,0.45942026945841796,394.40692459205786,2882.44775390625,51,1501,True
0.23,alpha_0230,756262,main_mixed_correct_cue_1800,0.2222222222222222,0.05291005291005291,0.45942026945841796,380.35455608689125,2864.10546875,59,1476,True
0.24,alpha_0240,756262,main_mixed_correct_cue_1800,0.2222222222222222,0.05291005291005291,0.45942026945841796,365.98705363253754,2844.7060546875,61,1446,True
0.25,alpha_0250,756262,main_mixed_correct_cue_1800,0.2222222222222222,0.05324813631522897,0.45610034207525657,351.3258353052868,2824.123779296875,71,1409,True
0.26,alpha_0260,756262,main_mixed_correct_cue_1800,0.3333333333333333,0.10845840020222329,0.6230662046750162,336.41164215559655,2802.603515625,79,1375,True
0.27,alpha_0270,756262,main_mixed_correct_cue_1800,0.3333333333333333,0.10845840020222329,0.6230662046750162,321.26200158877685,2779.630615234375,87,1334,True
0.28,alpha_0280,756262,main_mixed_correct_cue_1800,0.3333333333333333,0.10845840020222329,0.6230662046750162,305.91077031584643,2755.990234375,94,1300,True
0.29,alpha_0290,756262,main_mixed_correct_cue_1800,0.5555555555555556,0.23515233660161197,0.9100787123759472,290.43088525395837,2731.368408203125,104,1266,True
0.3,alpha_0300,756262,main_mixed_correct_cue_1800,0.8888888888888888,0.48899423482241633,1.321339583899076,274.84997084555187,2705.12255859375,123,1224,True
0.31,alpha_0310,756262,main_mixed_correct_cue_1800,0.9444444444444444,0.5232558139534884,1.387348872413789,259.23140581102916,2677.320556640625,135,1174,True
0.32,alpha_0320,756262,main_mixed_correct_cue_1800,1.0555555555555556,0.6172839506172839,1.5292238249751018,243.65347606402096,2647.854248046875,147,1112,True
0.33,alpha_0330,756262,main_mixed_correct_cue_1800,1.3333333333333333,0.8038539063278709,1.9068984856982614,228.1795615054455,2616.563232421875,166,1050,True
0.34,alpha_0340,756262,main_mixed_correct_cue_1800,1.6666666666666667,1.0733326329888513,2.2959256894491435,212.84211512112822,2582.524658203125,182,1007,True
0.35,alpha_0350,756262,main_mixed_correct_cue_1800,1.9444444444444444,1.3178183003634547,2.5871766029246346,197.681631515273,2548.826416015625,194,940,True
0.36,alpha_0360,756262,main_mixed_correct_cue_1800,2.4444444444444446,1.7333979953872323,3.1746031746031744,182.7749779895943,2548.60888671875,207,877,True
0.37,alpha_0370,756262,main_mixed_correct_cue_1800,2.6666666666666665,1.921964228427256,3.441087140827336,168.2078689671306,2548.49267578125,218,832,True
0.38,alpha_0380,756262,main_mixed_correct_cue_1800,2.888888888888889,2.1166825082945575,3.6955352646346435,154.03843446634062,2548.293212890625,245,763,True
0.39,alpha_0390,756262,main_mixed_correct_cue_1800,3.5,2.668727241934118,4.34563305517443,140.33887725350013,2547.278564453125,263,701,True
0.4,alpha_0400,756262,main_mixed_correct_cue_1800,3.9444444444444446,3.049482163406214,4.867043436705198,127.22043453829282,2546.06884765625,281,649,True
0.41,alpha_0410,756262,main_mixed_correct_cue_1800,4.722222222222222,3.6992822003933825,5.777113156100886,114.76799928391249,2544.176025390625,307,597,True
0.42,alpha_0420,756262,main_mixed_correct_cue_1800,4.944444444444445,3.8180475845545216,6.115118098047044,102.99177295989696,2541.5390625,322,544,True
0.43,alpha_0430,756262,main_mixed_correct_cue_1800,6.0,4.78283019187593,7.2386171816466724,91.97091852013297,2537.545654296875,349,489,True
0.44,alpha_0440,756262,main_mixed_correct_cue_1800,7.0,5.670621938342767,8.366569330984666,81.73530098120648,2532.42626953125,371,444,True
0.45,alpha_0450,756262,main_mixed_correct_cue_1800,8.222222222222221,6.760721034202195,9.747117318084705,72.27951694816184,2525.611328125,401,406,True
0.46,alpha_0460,756262,main_mixed_correct_cue_1800,9.055555555555555,7.4999650251818695,10.652240264440476,63.59998544376657,2515.535888671875,425,355,True
0.47,alpha_0470,756262,main_mixed_correct_cue_1800,10.11111111111111,8.520127046585493,11.739180238059664,55.71327670076703,2503.881103515625,439,322,True
0.48,alpha_0480,756262,main_mixed_correct_cue_1800,11.666666666666666,9.92152466367713,13.435389955238602,48.54154860035316,2489.10693359375,450,288,True
0.49,alpha_0490,756262,main_mixed_correct_cue_1800,13.777777777777779,11.904729253193324,15.657406641700236,42.10599888903478,2471.360107421875,465,255,True
0.5,alpha_0500,756262,main_mixed_correct_cue_1800,15.11111111111111,13.081525791868668,17.173964585146837,36.35839150353382,2451.37451171875,485,224,True
0.51,alpha_0510,757288,main_mixed_correct_cue_1800,16.333333333333332,14.285714285714286,18.424071890062557,31.30975719851108,2427.073974609375,506,193,True
0.52,alpha_0520,757288,main_mixed_correct_cue_1800,17.77777777777778,15.607214816782943,19.952554314497878,26.924230971360043,2397.979736328125,520,160,True
0.53,alpha_0530,757288,main_mixed_correct_cue_1800,18.61111111111111,16.395259129859287,20.83553675304072,23.127244653110953,2363.361572265625,531,137,True
0.54,alpha_0540,757288,main_mixed_correct_cue_1800,19.38888888888889,17.142814777156413,21.65175908019816,19.847410552230503,2322.40576171875,540,120,True
0.55,alpha_0550,757288,main_mixed_correct_cue_1800,20.666666666666668,18.2872611522594,23.03437252866503,17.036402428803903,2275.000244140625,552,105,True
0.56,alpha_0560,757288,main_mixed_correct_cue_1800,21.944444444444443,19.53207885609358,24.328605517981273,14.634782495312251,2222.552978515625,559,93,True
0.57,alpha_0570,757288,main_mixed_correct_cue_1800,23.77777777777778,21.37401385291712,26.176869191776966,12.600298442319797,2164.211181640625,565,77,True
0.58,alpha_0580,757288,main_mixed_correct_cue_1800,25.22222222222222,22.742255323383873,27.653334567160563,10.903366049558832,2100.004638671875,572,62,True
0.59,alpha_0590,757288,main_mixed_correct_cue_1800,26.27777777777778,23.648945132711972,28.868451387098556,9.475583205210485,2026.718505859375,576,47,True
0.6,alpha_0600,757288,main_mixed_correct_cue_1800,27.055555555555557,24.40371806864022,29.728237580729086,8.286224232215952,1944.3323974609375,584,33,True
0.61,alpha_0610,757288,main_mixed_correct_cue_1800,27.944444444444443,25.235566842821587,30.661221267297712,7.309700361950224,1852.6058349609375,590,30,True
0.62,alpha_0620,757288,main_mixed_correct_cue_1800,29.0,26.172940321408383,31.825858669041978,6.507384722053025,1750.3896484375,585,26,True
0.63,alpha_0630,757288,main_mixed_correct_cue_1800,30.11111111111111,27.227420559298448,32.965258549540074,5.8517552584783274,1634.9677734375,586,23,True
0.64,alpha_0640,757288,main_mixed_correct_cue_1800,30.833333333333332,27.879743492224474,33.760914694424244,5.323073600379729,1503.96630859375,588,19,True
0.65,alpha_0650,757288,main_mixed_correct_cue_1800,31.72222222222222,28.80944486547935,34.64700439355612,4.894837106729958,1359.3072509765625,585,18,True
0.66,alpha_0660,757288,main_mixed_correct_cue_1800,33.05555555555556,30.093838834693337,36.01673887650084,4.549787439666951,1197.40478515625,594,17,True
0.67,alpha_0670,757288,main_mixed_correct_cue_1800,33.388888888888886,30.38662043431553,36.41594185441949,4.26757660622122,1022.6627807617188,596,17,True
0.68,alpha_0680,757288,main_mixed_correct_cue_1800,33.94444444444444,30.873565821341188,37.03501629361915,4.037534099063251,837.6140747070312,590,17,True
0.69,alpha_0690,757288,main_mixed_correct_cue_1800,34.55555555555556,31.54241488623179,37.59918232923661,3.8544523329973175,677.1373291015625,584,17,False
0.7,alpha_0700,757288,main_mixed_correct_cue_1800,35.388888888888886,32.33531241643339,38.49488065416628,3.705267353138115,581.6486206054688,587,17,False
0.71,alpha_0710,757288,main_mixed_correct_cue_1800,35.888888888888886,32.830589080179635,38.98778917898789,3.580212707962916,477.561279296875,593,17,False
0.72,alpha_0720,757288,main_mixed_correct_cue_1800,36.388888888888886,33.333333333333336,39.44318711324142,3.4799496804616386,372.51824951171875,597,18,False
0.73,alpha_0730,757288,main_mixed_correct_cue_1800,37.0,33.94194897614179,40.12738853503185,3.4018475162173343,270.5096435546875,593,18,False
0.74,alpha_0740,757288,main_mixed_correct_cue_1800,37.166666666666664,34.066571062706615,40.27862618444726,3.3437640216395215,179.76583862304688,595,18,False
0.75,alpha_0750,756262,main_mixed_correct_cue_1800,37.388888888888886,34.31421625771919,40.46345645287418,3.2961703484990696,119.87108612060547,594,17,False
0.8,alpha_0800,757288,main_mixed_correct_cue_1800,38.611111111111114,35.55297931195751,41.700677827482366,3.179532599744595,72.64378356933594,589,16,False
0.85,alpha_0850,757288,main_mixed_correct_cue_1800,40.333333333333336,37.19852240409569,43.48793822884178,3.1160054862446835,69.61882019042969,592,17,False
0.875,alpha_0875,756262,main_mixed_correct_cue_1800,40.888888888888886,37.68593392199176,44.072942092815225,3.0939926023727025,70.12806701660156,594,18,False
0.9,alpha_0900,757288,main_mixed_correct_cue_1800,41.22222222222222,37.99541121634527,44.36786438713417,3.0779912083046175,70.47647857666016,590,17,False
0.95,alpha_0950,757288,main_mixed_correct_cue_1800,41.611111111111114,38.51107267031074,44.713665931179804,3.066895793249127,71.29952239990234,587,19,False
1.0,alpha_1000,756262,main_mixed_correct_cue_1800,41.833333333333336,38.74358202907666,44.92265310494818,3.090685624446433,70.94441223144531,590,20,False
