review_order,review_priority,error_class,trial_id,pair_id,speaker,cue_ear,cued_word,opposite_word,pred_dichotic,pred_diotic_clean,p_cued_dichotic,p_opposite_dichotic,target_prediction_string_similarity,near_label_string_ge_0_8,same_wrong_prediction_as_diotic,effective_cued_minus_opposite_db,absolute_effective_level_gap_db,cued_low_energy_fraction,opposite_low_energy_fraction,cue_low_energy_fraction,speaker_dichotic_errors_out_of_4,cue_path,cued_path,cued_center_s,opposite_path,left_path,left_center_s,right_path,right_center_s,manual_target_word_audible_yes_no,manual_alignment_center_ok_yes_no,manual_transcript_matches_audio_yes_no,manual_audio_quality_ok_yes_no,manual_label_equivalent_yes_no,manual_exclude_for_objective_reason_yes_no,manual_notes
1,1_check_target_alignment_and_quality,baseline_and_dichotic_error,pair_069_ab_left,pair_069,90b83f2aff303b9fb221a4dd11033a2cf15acd66021224603c292d1a811b6b6379b7ecee7e41dd181e66200062e792d4be84b9d93f4a59e86493756d0c035c77,left,their,eventually,center,center,6.791575287934393e-05,4.587549824464077e-07,0.5454545454545454,0,1,-1.2195677535743754,1.2195677535743754,0.0,0.2964824120603015,0.05025125628140704,2,common_voice_en_23719544.mp3,common_voice_en_23719632.mp3,2.962,common_voice_en_24206400.mp3,common_voice_en_23719632.mp3,2.962,common_voice_en_24206400.mp3,1.616,,,,,,,
2,1_check_target_alignment_and_quality,baseline_and_dichotic_error,pair_071_ab_left,pair_071,91fe1f1a91198d021ccc655ba72fa744d611153a1675e7332a0c8098e9b62f15a74599cfd209451fe8f0c0f8c6b9375484abcea3e6894ef8f528c96e034edf19,left,enough,between,movement,mouth,0.0002761644136626,1.214947315020254e-05,0.2857142857142857,0,0,-1.3024485996214445,1.3024485996214445,0.15577889447236182,0.0,0.0,2,common_voice_en_26656729.mp3,common_voice_en_26656731.mp3,2.388,common_voice_en_26656738.mp3,common_voice_en_26656731.mp3,2.388,common_voice_en_26656738.mp3,2.035,,,,,,,
3,1_check_target_alignment_and_quality,baseline_and_dichotic_error,pair_069_ba_right,pair_069,90b83f2aff303b9fb221a4dd11033a2cf15acd66021224603c292d1a811b6b6379b7ecee7e41dd181e66200062e792d4be84b9d93f4a59e86493756d0c035c77,right,their,eventually,center,center,0.0004628236347343,6.36960237443418e-07,0.5454545454545454,0,1,-1.2195677535743754,1.2195677535743754,0.0,0.2964824120603015,0.05025125628140704,2,common_voice_en_23719544.mp3,common_voice_en_23719632.mp3,2.962,common_voice_en_24206400.mp3,common_voice_en_24206400.mp3,1.616,common_voice_en_23719632.mp3,2.962,,,,,,,
4,1_check_target_alignment_and_quality,baseline_and_dichotic_error,pair_017_ab_left,pair_017,27df1223bbfbd89b36d61b8fed39e40a1460c3e2e5fa763ba7d3c1b0d305b2919d2c3bbed70fabe90ab8bd15848f507b2331e5f108dd1b1b8c06dfbe287282c5,left,called,forms,support,support,0.0007031465065665,3.708209760588943e-06,0.0,0,1,0.05284244505706164,0.05284244505706164,0.08542713567839195,0.020100502512562814,0.05527638190954774,3,common_voice_en_27633357.mp3,common_voice_en_27633354.mp3,2.302,common_voice_en_27633356.mp3,common_voice_en_27633354.mp3,2.302,common_voice_en_27633356.mp3,2.933,,,,,,,
5,1_check_target_alignment_and_quality,baseline_and_dichotic_error,pair_107_ab_right,pair_107,f91af799e6f128f501e63d9621bc161c55f288bf4af1e3991aad357a0162b31dd5d68b706e0470b0d220d0b60f56851585afe46b43599485c3b25853d995c7d2,right,through,where,culture,culture,0.0009284205152653,2.004757152462844e-05,0.2857142857142857,0,1,-0.05945705145038513,0.05945705145038513,0.15577889447236182,0.4271356783919598,0.16080402010050251,2,common_voice_en_680871.mp3,common_voice_en_680880.mp3,2.337,common_voice_en_680878.mp3,common_voice_en_680878.mp3,1.418,common_voice_en_680880.mp3,2.337,,,,,,,
6,1_check_target_alignment_and_quality,baseline_and_dichotic_error,pair_107_ba_left,pair_107,f91af799e6f128f501e63d9621bc161c55f288bf4af1e3991aad357a0162b31dd5d68b706e0470b0d220d0b60f56851585afe46b43599485c3b25853d995c7d2,left,through,where,culture,culture,0.0010459402110427,1.7237516658497043e-05,0.2857142857142857,0,1,-0.05945705145038513,0.05945705145038513,0.15577889447236182,0.4271356783919598,0.16080402010050251,2,common_voice_en_680871.mp3,common_voice_en_680880.mp3,2.337,common_voice_en_680878.mp3,common_voice_en_680880.mp3,2.337,common_voice_en_680878.mp3,1.418,,,,,,,
7,1_check_target_alignment_and_quality,baseline_and_dichotic_error,pair_017_ba_right,pair_017,27df1223bbfbd89b36d61b8fed39e40a1460c3e2e5fa763ba7d3c1b0d305b2919d2c3bbed70fabe90ab8bd15848f507b2331e5f108dd1b1b8c06dfbe287282c5,right,called,forms,support,support,0.0016631975304335,1.7726826627040282e-05,0.0,0,1,0.05284244505706164,0.05284244505706164,0.08542713567839195,0.020100502512562814,0.05527638190954774,3,common_voice_en_27633357.mp3,common_voice_en_27633354.mp3,2.302,common_voice_en_27633356.mp3,common_voice_en_27633356.mp3,2.933,common_voice_en_27633354.mp3,2.302,,,,,,,
8,1_check_target_alignment_and_quality,baseline_and_dichotic_error,pair_007_ab_left,pair_007,11ec372417df77b07bb129cc7572637abe768dd9ba9a6cf66c66b5081a6016aa00fb0a31287220448ed090f18b89fb45ff7e35247c32e492909a9d08f7645c84,left,almost,leave,films,horse,0.0032236545812338,5.469445341077517e-07,0.5454545454545454,0,0,0.6762848525924774,0.6762848525924774,0.3165829145728643,0.02512562814070352,0.1457286432160804,2,common_voice_en_1529716.mp3,common_voice_en_16665979.mp3,1.661,common_voice_en_617394.mp3,common_voice_en_16665979.mp3,1.661,common_voice_en_617394.mp3,2.95,,,,,,,
9,1_check_target_alignment_and_quality,baseline_and_dichotic_error,pair_080_ba_right,pair_080,a9049710b208fe6bb10e060b956d59061f5382f6d0556db101956a0dfb6a352981e56e2ed7108ce7ce4606f0ceef5f5f0da048dcc070fd1fa76d107e0646305c,right,there,replaced,various,various,0.0074847983196377,9.20946513360832e-06,0.16666666666666666,0,1,0.8809070555035996,0.8809070555035996,0.06532663316582915,0.05527638190954774,0.1507537688442211,2,common_voice_en_19588943.mp3,common_voice_en_19588940.mp3,2.035,common_voice_en_19588941.mp3,common_voice_en_19588941.mp3,2.215,common_voice_en_19588940.mp3,2.035,,,,,,,
10,1_check_target_alignment_and_quality,baseline_and_dichotic_error,pair_103_ab_left,pair_103,eeb442ce8ae7e272b69866ee62ce733e1ecf9bb721fca69bf7d42623bd4ecb1fd6a558a2611bed921f19ec2856431af2d333cb0cb288033130b5741c4c4be77e,left,green,seemed,created,today,0.0075499680824577,7.638803367626679e-07,0.5,0,0,-0.8044670943942298,0.8044670943942298,0.2864321608040201,0.10552763819095477,0.01507537688442211,2,common_voice_en_219102.mp3,common_voice_en_219108.mp3,5.587,common_voice_en_219110.mp3,common_voice_en_219108.mp3,5.587,common_voice_en_219110.mp3,1.833,,,,,,,
11,1_check_target_alignment_and_quality,baseline_and_dichotic_error,pair_051_ab_right,pair_051,5d21be2c97f8382dc29df69ebc0d225a6093b1b6434375c351ac7a16473f719c42912843a979f453209beb29e09dcabc85e38441662b48f56d57682cf8bf0c54,right,countries,can't,languages,languages,0.0090589905157685,4.123792678001337e-05,0.3333333333333333,0,1,-1.5571445740812828,1.5571445740812828,0.03015075376884422,0.035175879396984924,0.11557788944723618,4,common_voice_en_23753860.mp3,common_voice_en_23753861.mp3,2.346,common_voice_en_23753858.mp3,common_voice_en_23753858.mp3,1.444,common_voice_en_23753861.mp3,2.346,,,,,,,
12,1_check_target_alignment_and_quality,baseline_and_dichotic_error,pair_071_ba_right,pair_071,91fe1f1a91198d021ccc655ba72fa744d611153a1675e7332a0c8098e9b62f15a74599cfd209451fe8f0c0f8c6b9375484abcea3e6894ef8f528c96e034edf19,right,enough,between,movement,mouth,0.0103186490014195,9.24335909076035e-05,0.2857142857142857,0,0,-1.3024485996214445,1.3024485996214445,0.15577889447236182,0.0,0.0,2,common_voice_en_26656729.mp3,common_voice_en_26656731.mp3,2.388,common_voice_en_26656738.mp3,common_voice_en_26656738.mp3,2.035,common_voice_en_26656731.mp3,2.388,,,,,,,
13,1_check_target_alignment_and_quality,baseline_and_dichotic_error,pair_087_ab_right,pair_087,b8d9f89e1fba8d2f36d6f603d76061626b7e1f80064ba2f15dcacafac8c7375cf2e02addf2a14ccb9c14c53f8ce2ad84d428088b5eaa626895ec1e75f766a8f6,right,could,that's,paper,peter,0.012084811925888,2.0211757146171298e-05,0.0,0,0,-2.7562217054343884e-06,2.7562217054343884e-06,0.3768844221105528,0.542713567839196,0.2864321608040201,2,common_voice_en_14473.mp3,common_voice_en_14477.mp3,1.478,common_voice_en_14474.mp3,common_voice_en_14474.mp3,1.597,common_voice_en_14477.mp3,1.478,,,,,,,
14,1_check_target_alignment_and_quality,baseline_and_dichotic_error,pair_051_ba_right,pair_051,5d21be2c97f8382dc29df69ebc0d225a6093b1b6434375c351ac7a16473f719c42912843a979f453209beb29e09dcabc85e38441662b48f56d57682cf8bf0c54,right,can't,countries,because,because,0.0140791740268468,1.783203515515197e-05,0.3333333333333333,0,1,1.5571445740812835,1.5571445740812835,0.035175879396984924,0.03015075376884422,0.11557788944723618,4,common_voice_en_23753860.mp3,common_voice_en_23753858.mp3,1.444,common_voice_en_23753861.mp3,common_voice_en_23753861.mp3,2.346,common_voice_en_23753858.mp3,1.444,,,,,,,
15,1_check_target_alignment_and_quality,baseline_and_dichotic_error,pair_051_ab_left,pair_051,5d21be2c97f8382dc29df69ebc0d225a6093b1b6434375c351ac7a16473f719c42912843a979f453209beb29e09dcabc85e38441662b48f56d57682cf8bf0c54,left,can't,countries,because,because,0.0164234414696693,1.3409081475401765e-05,0.3333333333333333,0,1,1.5571445740812835,1.5571445740812835,0.035175879396984924,0.03015075376884422,0.11557788944723618,4,common_voice_en_23753860.mp3,common_voice_en_23753858.mp3,1.444,common_voice_en_23753861.mp3,common_voice_en_23753858.mp3,1.444,common_voice_en_23753861.mp3,2.346,,,,,,,
16,1_check_target_alignment_and_quality,baseline_and_dichotic_error,pair_103_ba_right,pair_103,eeb442ce8ae7e272b69866ee62ce733e1ecf9bb721fca69bf7d42623bd4ecb1fd6a558a2611bed921f19ec2856431af2d333cb0cb288033130b5741c4c4be77e,right,green,seemed,david,today,0.0174058433622121,4.188701950624818e-06,0.0,0,0,-0.8044670943942298,0.8044670943942298,0.2864321608040201,0.10552763819095477,0.01507537688442211,2,common_voice_en_219102.mp3,common_voice_en_219108.mp3,5.587,common_voice_en_219110.mp3,common_voice_en_219110.mp3,1.833,common_voice_en_219108.mp3,5.587,,,,,,,
17,1_check_target_alignment_and_quality,baseline_and_dichotic_error,pair_047_ba_right,pair_047,50475c1f484e6dcdf24a902ff49459df5479bc81bc50dbd2a06f4ca464399baf1366b2f70eb2791f97169ad5ef3b088a2d3fa428fd8171f51347e31ac481413d,right,would,spent,although,although,0.0210113413631916,5.116183729114709e-06,0.3076923076923077,0,1,-0.42708136534557506,0.42708136534557506,0.4120603015075377,0.24120603015075376,0.3165829145728643,4,common_voice_en_18584783.mp3,common_voice_en_18584789.mp3,1.379,common_voice_en_18584790.mp3,common_voice_en_18584790.mp3,1.967,common_voice_en_18584789.mp3,1.379,,,,,,,
18,1_check_target_alignment_and_quality,baseline_and_dichotic_error,pair_025_ab_right,pair_025,335f9068818b6e54fa054d11d0b9e705918e8e046fad34f15d9314c9348d93017c4449c3a1987ec0992aae753696accb2cf0f7e11a7e8c64667c01fa2275d955,right,school,eight,sports,schools,0.0261943433433771,1.0996007437924502e-09,0.3333333333333333,0,0,-0.06060365112596103,0.06060365112596103,0.0,0.005025125628140704,0.0,2,common_voice_en_20157927.mp3,common_voice_en_20157929.mp3,2.106,common_voice_en_20157926.mp3,common_voice_en_20157926.mp3,3.164,common_voice_en_20157929.mp3,2.106,,,,,,,
19,1_check_target_alignment_and_quality,baseline_and_dichotic_error,pair_080_ab_left,pair_080,a9049710b208fe6bb10e060b956d59061f5382f6d0556db101956a0dfb6a352981e56e2ed7108ce7ce4606f0ceef5f5f0da048dcc070fd1fa76d107e0646305c,left,there,replaced,various,various,0.0282888375222682,2.9460892619681545e-05,0.16666666666666666,0,1,0.8809070555035996,0.8809070555035996,0.06532663316582915,0.05527638190954774,0.1507537688442211,2,common_voice_en_19588943.mp3,common_voice_en_19588940.mp3,2.035,common_voice_en_19588941.mp3,common_voice_en_19588940.mp3,2.035,common_voice_en_19588941.mp3,2.215,,,,,,,
20,1_check_target_alignment_and_quality,baseline_and_dichotic_error,pair_047_ab_left,pair_047,50475c1f484e6dcdf24a902ff49459df5479bc81bc50dbd2a06f4ca464399baf1366b2f70eb2791f97169ad5ef3b088a2d3fa428fd8171f51347e31ac481413d,left,would,spent,although,although,0.0300739705562591,0.000133260138682,0.3076923076923077,0,1,-0.42708136534557506,0.42708136534557506,0.4120603015075377,0.24120603015075376,0.3165829145728643,4,common_voice_en_18584783.mp3,common_voice_en_18584789.mp3,1.379,common_voice_en_18584790.mp3,common_voice_en_18584789.mp3,1.379,common_voice_en_18584790.mp3,1.967,,,,,,,
21,1_check_target_alignment_and_quality,baseline_and_dichotic_error,pair_051_ba_left,pair_051,5d21be2c97f8382dc29df69ebc0d225a6093b1b6434375c351ac7a16473f719c42912843a979f453209beb29e09dcabc85e38441662b48f56d57682cf8bf0c54,left,countries,can't,languages,languages,0.0301223024725914,5.771920768893324e-05,0.3333333333333333,0,1,-1.5571445740812828,1.5571445740812828,0.03015075376884422,0.035175879396984924,0.11557788944723618,4,common_voice_en_23753860.mp3,common_voice_en_23753861.mp3,2.346,common_voice_en_23753858.mp3,common_voice_en_23753861.mp3,2.346,common_voice_en_23753858.mp3,1.444,,,,,,,
22,1_check_target_alignment_and_quality,baseline_and_dichotic_error,pair_007_ba_right,pair_007,11ec372417df77b07bb129cc7572637abe768dd9ba9a6cf66c66b5081a6016aa00fb0a31287220448ed090f18b89fb45ff7e35247c32e492909a9d08f7645c84,right,almost,leave,films,horse,0.0371360033750534,1.1391049383746576e-06,0.5454545454545454,0,0,0.6762848525924774,0.6762848525924774,0.3165829145728643,0.02512562814070352,0.1457286432160804,2,common_voice_en_1529716.mp3,common_voice_en_16665979.mp3,1.661,common_voice_en_617394.mp3,common_voice_en_617394.mp3,2.95,common_voice_en_16665979.mp3,1.661,,,,,,,
23,1_check_target_alignment_and_quality,baseline_and_dichotic_error,pair_025_ba_left,pair_025,335f9068818b6e54fa054d11d0b9e705918e8e046fad34f15d9314c9348d93017c4449c3a1987ec0992aae753696accb2cf0f7e11a7e8c64667c01fa2275d955,left,school,eight,sports,schools,0.0397466868162155,1.840409269426857e-09,0.3333333333333333,0,0,-0.06060365112596103,0.06060365112596103,0.0,0.005025125628140704,0.0,2,common_voice_en_20157927.mp3,common_voice_en_20157929.mp3,2.106,common_voice_en_20157926.mp3,common_voice_en_20157929.mp3,2.106,common_voice_en_20157926.mp3,3.164,,,,,,,
24,1_check_target_alignment_and_quality,baseline_and_dichotic_error,pair_087_ba_left,pair_087,b8d9f89e1fba8d2f36d6f603d76061626b7e1f80064ba2f15dcacafac8c7375cf2e02addf2a14ccb9c14c53f8ce2ad84d428088b5eaa626895ec1e75f766a8f6,left,could,that's,paper,peter,0.0437782779335975,1.162042190117063e-05,0.0,0,0,-2.7562217054343884e-06,2.7562217054343884e-06,0.3768844221105528,0.542713567839196,0.2864321608040201,2,common_voice_en_14473.mp3,common_voice_en_14477.mp3,1.478,common_voice_en_14474.mp3,common_voice_en_14477.mp3,1.478,common_voice_en_14474.mp3,1.597,,,,,,,
25,1_check_target_alignment_and_quality,baseline_and_dichotic_error,pair_050_ab_left,pair_050,59d1ec8273b815b11651211b336ef43cf0642924d7c72208fc1f15e8b4f4ccf0b046b7152bfb4a9378b7b8f740a38238a92da4f710d9f8bd93aa01a2cf5a07fd,left,other,going,rather,another,0.0443473644554615,6.068236757528211e-07,0.7272727272727273,0,0,0.9407906849544676,0.9407906849544676,0.4120603015075377,0.03015075376884422,0.09045226130653267,2,common_voice_en_101798.mp3,common_voice_en_101797.mp3,2.115,common_voice_en_101807.mp3,common_voice_en_101797.mp3,2.115,common_voice_en_101807.mp3,3.184,,,,,,,
26,1_check_target_alignment_and_quality,baseline_and_dichotic_error,pair_028_ba_left,pair_028,35ea573b414801d7b08edb6f2972b1e0911babb168583dc836ab963c75a8a288b5e3f4a968c5176cba7de76683196fd25df94b56e6e31ede8ddfb8c9a1a7ff2a,left,turned,other,entered,entered,0.0448209196329116,2.2764434106647968e-05,0.6153846153846154,0,1,0.5584756124422947,0.5584756124422947,0.005025125628140704,0.0,0.0,4,common_voice_en_10799677.mp3,common_voice_en_579751.mp3,1.854,common_voice_en_10799701.mp3,common_voice_en_579751.mp3,1.854,common_voice_en_10799701.mp3,2.043,,,,,,,
27,1_check_target_alignment_and_quality,baseline_and_dichotic_error,pair_105_ba_right,pair_105,f270c77b7426e139617567552ccdc36e180deabf3783b7c6433abdf2a0eb267fa157f6a0fbfd28a4243138eba24a69c17c7d9974d7da9c56a2f3911b342d0d62,right,system,change,systems,systems,0.0756317973136901,2.1170926345348562e-08,0.9230769230769231,1,1,-0.6843821631652867,0.6843821631652867,0.01507537688442211,0.04020100502512563,0.07035175879396985,2,common_voice_en_25264191.mp3,common_voice_en_25264190.mp3,3.112,common_voice_en_25264192.mp3,common_voice_en_25264192.mp3,1.538,common_voice_en_25264190.mp3,3.112,,,,,,,
28,1_check_target_alignment_and_quality,baseline_and_dichotic_error,pair_079_ba_right,pair_079,a8a6fd2af2b007a0416a82aedc592534e0eb5f59345f8de5040c399338ff31c9e47dc7c0b047880db3fd7ba29b3ce8e0045f639b3d639f58fb6fc5d71cb962ab,right,separate,companies,support,third,0.0972325205802917,5.971849077468505e-07,0.5333333333333333,0,0,0.0945873215657943,0.0945873215657943,0.08040201005025126,0.0,0.06030150753768844,3,common_voice_en_25776874.mp3,common_voice_en_25776983.mp3,1.949,common_voice_en_25777013.mp3,common_voice_en_25777013.mp3,1.506,common_voice_en_25776983.mp3,1.949,,,,,,,
29,1_check_target_alignment_and_quality,baseline_and_dichotic_error,pair_050_ba_right,pair_050,59d1ec8273b815b11651211b336ef43cf0642924d7c72208fc1f15e8b4f4ccf0b046b7152bfb4a9378b7b8f740a38238a92da4f710d9f8bd93aa01a2cf5a07fd,right,other,going,rather,another,0.111137107014656,4.672800514526898e-06,0.7272727272727273,0,0,0.9407906849544676,0.9407906849544676,0.4120603015075377,0.03015075376884422,0.09045226130653267,2,common_voice_en_101798.mp3,common_voice_en_101797.mp3,2.115,common_voice_en_101807.mp3,common_voice_en_101807.mp3,3.184,common_voice_en_101797.mp3,2.115,,,,,,,
30,1_check_target_alignment_and_quality,baseline_and_dichotic_error,pair_074_ab_left,pair_074,95346fcf81b1638e8780277bcb6b2fbd667e1ba0fd0caa7b72148fc29fcb3b14b1ed04f466a245d3609d825197ce48102f76b50f19aed75c5de1e223101fb52f,left,black,working,learn,light,0.119421862065792,0.0001366189389955,0.4,0,0,0.9927306605285651,0.9927306605285651,0.23618090452261306,0.0,0.005025125628140704,1,common_voice_en_189608.mp3,common_voice_en_189607.mp3,3.288,common_voice_en_189609.mp3,common_voice_en_189607.mp3,3.288,common_voice_en_189609.mp3,2.418,,,,,,,
31,1_check_target_alignment_and_quality,baseline_and_dichotic_error,pair_028_ab_right,pair_028,35ea573b414801d7b08edb6f2972b1e0911babb168583dc836ab963c75a8a288b5e3f4a968c5176cba7de76683196fd25df94b56e6e31ede8ddfb8c9a1a7ff2a,right,turned,other,entered,entered,0.139782428741455,1.1716362678271253e-05,0.6153846153846154,0,1,0.5584756124422947,0.5584756124422947,0.005025125628140704,0.0,0.0,4,common_voice_en_10799677.mp3,common_voice_en_579751.mp3,1.854,common_voice_en_10799701.mp3,common_voice_en_10799701.mp3,2.043,common_voice_en_579751.mp3,1.854,,,,,,,
32,1_check_target_alignment_and_quality,baseline_and_dichotic_error,pair_105_ab_left,pair_105,f270c77b7426e139617567552ccdc36e180deabf3783b7c6433abdf2a0eb267fa157f6a0fbfd28a4243138eba24a69c17c7d9974d7da9c56a2f3911b342d0d62,left,system,change,systems,systems,0.1418846100568771,2.7223032716960915e-08,0.9230769230769231,1,1,-0.6843821631652867,0.6843821631652867,0.01507537688442211,0.04020100502512563,0.07035175879396985,2,common_voice_en_25264191.mp3,common_voice_en_25264190.mp3,3.112,common_voice_en_25264192.mp3,common_voice_en_25264190.mp3,3.112,common_voice_en_25264192.mp3,1.538,,,,,,,
33,1_check_target_alignment_and_quality,baseline_and_dichotic_error,pair_079_ab_left,pair_079,a8a6fd2af2b007a0416a82aedc592534e0eb5f59345f8de5040c399338ff31c9e47dc7c0b047880db3fd7ba29b3ce8e0045f639b3d639f58fb6fc5d71cb962ab,left,separate,companies,support,third,0.1756551563739776,1.1487222764117178e-06,0.5333333333333333,0,0,0.0945873215657943,0.0945873215657943,0.08040201005025126,0.0,0.06030150753768844,3,common_voice_en_25776874.mp3,common_voice_en_25776983.mp3,1.949,common_voice_en_25777013.mp3,common_voice_en_25776983.mp3,1.949,common_voice_en_25777013.mp3,1.506,,,,,,,
34,1_check_target_alignment_and_quality,baseline_and_dichotic_error,pair_084_ab_left,pair_084,b570d19edbda421e0975056b5fdf4cefbc3825b840aacaa337567ec1aa151a81633eb645a86c8c1c22b23e7f916c60c20cb115de29b670511fb9413611e8cc3b,left,designed,eastern,design,design,0.2395025938749313,0.0003484972403384,0.8571428571428571,1,1,-1.0298778887115856,1.0298778887115856,0.005025125628140704,0.19095477386934673,0.010050251256281407,2,common_voice_en_19055614.mp3,common_voice_en_19055618.mp3,2.245,common_voice_en_19055632.mp3,common_voice_en_19055618.mp3,2.245,common_voice_en_19055632.mp3,1.782,,,,,,,
35,1_check_target_alignment_and_quality,baseline_and_dichotic_error,pair_084_ba_right,pair_084,b570d19edbda421e0975056b5fdf4cefbc3825b840aacaa337567ec1aa151a81633eb645a86c8c1c22b23e7f916c60c20cb115de29b670511fb9413611e8cc3b,right,designed,eastern,design,design,0.2886533141136169,5.711428457289003e-05,0.8571428571428571,1,1,-1.0298778887115856,1.0298778887115856,0.005025125628140704,0.19095477386934673,0.010050251256281407,2,common_voice_en_19055614.mp3,common_voice_en_19055618.mp3,2.245,common_voice_en_19055632.mp3,common_voice_en_19055632.mp3,1.782,common_voice_en_19055618.mp3,2.245,,,,,,,
36,1_check_target_alignment_and_quality,baseline_and_dichotic_error,pair_063_ab_left,pair_063,88f182275a30062782bcfa735f66910e315318e47bd50be84221a7b062dab6074c3fd8ad9e7a0b7bd0acc7a813d5c78cdf4828aa20f78c3cc801472e7f51bf7a,left,military,issue,limited,limited,0.307062029838562,1.2448077235660548e-08,0.4,0,1,-0.33502395981521027,0.33502395981521027,0.010050251256281407,0.0,0.0,1,common_voice_en_19728321.mp3,common_voice_en_19774426.mp3,3.615,common_voice_en_19779814.mp3,common_voice_en_19774426.mp3,3.615,common_voice_en_19779814.mp3,1.835,,,,,,,
37,1_check_target_alignment_and_quality,baseline_and_dichotic_error,pair_016_ab_right,pair_016,269ce5fab1bf0a9f1141bb9fdaf5ee1eb35a6d23a2084d9df301969435b3ba9a525db49c0fb31d1f9a72d235f0db8928af3fda4bad43f24a0c7d7b2613e5e305,right,continue,civil,continued,continued,0.3094488084316253,2.429293090244755e-06,0.9411764705882353,1,1,0.747153000841717,0.747153000841717,0.27638190954773867,0.0,0.0,1,common_voice_en_22749661.mp3,common_voice_en_22749702.mp3,1.666,common_voice_en_22749701.mp3,common_voice_en_22749701.mp3,2.119,common_voice_en_22749702.mp3,1.666,,,,,,,
38,1_check_target_alignment_and_quality,baseline_and_dichotic_error,pair_019_ab_right,pair_019,2c3ffd78f56f2fefc02b7e5cfd35004f17ff411bacf92fb6062e073bbdfedb5d1a3157c0206b1946755d1ccf4d79f6ca35df8d2746d12a05cbaaf6fba64aa63e,right,centre,season,center,center,0.3668078482151031,7.242777542160184e-07,0.8333333333333334,1,1,0.09021024346954003,0.09021024346954003,0.005025125628140704,0.11557788944723618,0.03015075376884422,2,common_voice_en_18670834.mp3,common_voice_en_18682540.mp3,1.687,common_voice_en_18676741.mp3,common_voice_en_18676741.mp3,1.968,common_voice_en_18682540.mp3,1.687,,,,,,,
39,1_check_target_alignment_and_quality,baseline_and_dichotic_error,pair_019_ba_left,pair_019,2c3ffd78f56f2fefc02b7e5cfd35004f17ff411bacf92fb6062e073bbdfedb5d1a3157c0206b1946755d1ccf4d79f6ca35df8d2746d12a05cbaaf6fba64aa63e,left,centre,season,center,center,0.3748740255832672,1.755160838001757e-06,0.8333333333333334,1,1,0.09021024346954003,0.09021024346954003,0.005025125628140704,0.11557788944723618,0.03015075376884422,2,common_voice_en_18670834.mp3,common_voice_en_18682540.mp3,1.687,common_voice_en_18676741.mp3,common_voice_en_18682540.mp3,1.687,common_voice_en_18676741.mp3,1.968,,,,,,,
40,1_check_target_alignment_and_quality,baseline_and_dichotic_error,pair_086_ba_left,pair_086,b779db7939aed133ee10cd7bc8f5c6791935f4f5f8cc80c4338e621ad8b99c50ec1a642e203e5fa69834fd6158bc614fdb5f54cd486a49a2b936a4e0c31677b7,left,centre,south,center,center,0.468319684267044,2.113577284035273e-05,0.8333333333333334,1,1,0.9253408101090459,0.9253408101090459,0.035175879396984924,0.05527638190954774,0.20603015075376885,3,common_voice_en_23883731.mp3,common_voice_en_23883730.mp3,2.386,common_voice_en_23883719.mp3,common_voice_en_23883730.mp3,2.386,common_voice_en_23883719.mp3,2.316,,,,,,,
41,2_check_competition_and_cue_match,dichotic_specific_error,pair_018_ab_left,pair_018,292554dc2992a6cfa71015bc5446130ac34a3f9f7f846aa81977cff97cd6decbeff8ee37ff93244608f699828708f3a35e02e30dfca08527e35bfa987279aade,left,group,level,there,group,1.9818429406795782e-28,2.7401223745522813e-19,0.2,0,0,-1.300532873367466,1.300532873367466,0.36180904522613067,0.020100502512562814,0.3165829145728643,1,common_voice_en_17857618.mp3,common_voice_en_17857617.mp3,1.526,common_voice_en_17857619.mp3,common_voice_en_17857617.mp3,1.526,common_voice_en_17857619.mp3,1.703,,,,,,,
42,2_check_competition_and_cue_match,dichotic_specific_error,pair_090_ba_right,pair_090,bd05e15dd9ce4d89e3eda63c896ed2e68dbe7b1f9162acacc3d848464f4ded9ee7874511673982ada274c627bca216a568c5a6dc29eb0d0cdacd1073415a0d12,right,himself,isn't,include,himself,0.0013416148722171,0.000264864298515,0.2857142857142857,0,0,-0.44040842031871275,0.44040842031871275,0.0,0.0,0.0,2,common_voice_en_19621151.mp3,common_voice_en_19621008.mp3,2.524,common_voice_en_19621009.mp3,common_voice_en_19621009.mp3,1.474,common_voice_en_19621008.mp3,2.524,,,,,,,
43,2_check_competition_and_cue_match,dichotic_specific_error,pair_088_ab_right,pair_088,b8ed47c13f200f2aa65db96ef876d699cdad279553768ef33205e4623ac59c8fd73b3428ade578ef91075da8ea4d133c410db89525a8f512a1a7b26bbb6d9fdf,right,album,different,owned,album,0.0035039368085563,0.0001128258663811,0.0,0,0,-0.7456559003877805,0.7456559003877805,0.11055276381909548,0.27638190954773867,0.2914572864321608,2,common_voice_en_23695794.mp3,common_voice_en_23695796.mp3,1.664,common_voice_en_23695793.mp3,common_voice_en_23695793.mp3,1.556,common_voice_en_23695796.mp3,1.664,,,,,,,
44,2_check_competition_and_cue_match,dichotic_specific_error,pair_090_ab_left,pair_090,bd05e15dd9ce4d89e3eda63c896ed2e68dbe7b1f9162acacc3d848464f4ded9ee7874511673982ada274c627bca216a568c5a6dc29eb0d0cdacd1073415a0d12,left,himself,isn't,located,himself,0.0035843485966324,0.0010012775892391,0.14285714285714285,0,0,-0.44040842031871275,0.44040842031871275,0.0,0.0,0.0,2,common_voice_en_19621151.mp3,common_voice_en_19621008.mp3,2.524,common_voice_en_19621009.mp3,common_voice_en_19621008.mp3,2.524,common_voice_en_19621009.mp3,1.474,,,,,,,
45,2_check_competition_and_cue_match,dichotic_specific_error,pair_089_ba_right,pair_089,bbb931b71c9f86a9d55f858e249d3ef726b84a760c7e82a42046ad85c62e84472b16c19863d2ab9fbbce370116523fafe1b80a750db5e736f78b12fcf438b2db,right,could,stone,working,could,0.0039179157465696,9.999997701015673e-07,0.16666666666666666,0,0,-0.9471292927141112,0.9471292927141112,0.1457286432160804,0.04020100502512563,0.1407035175879397,2,common_voice_en_122505.mp3,common_voice_en_122512.mp3,1.415,common_voice_en_122532.mp3,common_voice_en_122532.mp3,2.29,common_voice_en_122512.mp3,1.415,,,,,,,
46,2_check_competition_and_cue_match,dichotic_specific_error,pair_042_ba_right,pair_042,4a31d3f26d2220235b114f379f20e2b8674e4af54e17769e4dc7118305a0fb1867b3add5742e53909b3ae14b35e21aa6cd703754a1bc72447d4799b7fc494d19,right,three,after,country,three,0.0096840867772698,9.156073019767064e-07,0.3333333333333333,0,0,0.3427543552319124,0.3427543552319124,0.02512562814070352,0.02512562814070352,0.09045226130653267,4,common_voice_en_25641221.mp3,common_voice_en_25641224.mp3,2.465,common_voice_en_25641225.mp3,common_voice_en_25641225.mp3,3.125,common_voice_en_25641224.mp3,2.465,,,,,,,
47,2_check_competition_and_cue_match,dichotic_specific_error,pair_044_ab_right,pair_044,4c407a51103a79d22a55ba3047ed5e1353ad666e3ed14df8998c75b7acdb1f335f7d77fd6526cc6950c5ebfc5dc998cb784dbba2b28556c81056e842ca8f0758,right,seemed,outside,center,seemed,0.0112455990165472,3.3411911317671183e-06,0.3333333333333333,0,0,-0.2111825453423609,0.2111825453423609,0.02512562814070352,0.11055276381909548,0.18592964824120603,2,common_voice_en_18469533.mp3,common_voice_en_18494081.mp3,2.359,common_voice_en_18474239.mp3,common_voice_en_18474239.mp3,2.014,common_voice_en_18494081.mp3,2.359,,,,,,,
48,2_check_competition_and_cue_match,dichotic_specific_error,pair_088_ba_left,pair_088,b8ed47c13f200f2aa65db96ef876d699cdad279553768ef33205e4623ac59c8fd73b3428ade578ef91075da8ea4d133c410db89525a8f512a1a7b26bbb6d9fdf,left,album,different,owned,album,0.0123260328546166,0.0001398491003783,0.0,0,0,-0.7456559003877805,0.7456559003877805,0.11055276381909548,0.27638190954773867,0.2914572864321608,2,common_voice_en_23695794.mp3,common_voice_en_23695796.mp3,1.664,common_voice_en_23695793.mp3,common_voice_en_23695796.mp3,1.664,common_voice_en_23695793.mp3,1.556,,,,,,,
49,2_check_competition_and_cue_match,dichotic_specific_error,pair_009_ab_right,pair_009,185a19520056bd31c0b7613af5d9eb45e5b9eb8061127fc839233aac463eee2c687007a5977d117e7301d2c959de1b27d9331f7cb0bab85f776e64120795c77e,right,could,behind,twenty,could,0.0148815903812646,0.0001621151604922,0.0,0,0,0.46077169759257963,0.46077169759257963,0.0,0.0,0.35175879396984927,2,common_voice_en_17251908.mp3,common_voice_en_495113.mp3,3.364,common_voice_en_17270512.mp3,common_voice_en_17270512.mp3,2.155,common_voice_en_495113.mp3,3.364,,,,,,,
50,2_check_competition_and_cue_match,dichotic_specific_error,pair_095_ab_right,pair_095,c8be5e5160748bb5ce3a1138dd5d4bc07d0becf12c2e205ad421fa202038dffe6c5ad264beb25a399cbaab9608a40cc9bcd11e4ab698281673c6f7227dcf6dbe,right,called,there,current,called,0.0195159465074539,5.023060111852828e-06,0.3076923076923077,0,0,-0.34766713759283496,0.34766713759283496,0.1457286432160804,0.1407035175879397,0.135678391959799,2,common_voice_en_26532248.mp3,common_voice_en_26532253.mp3,5.068,common_voice_en_26532250.mp3,common_voice_en_26532250.mp3,1.875,common_voice_en_26532253.mp3,5.068,,,,,,,
51,2_check_competition_and_cue_match,dichotic_specific_error,pair_042_ab_right,pair_042,4a31d3f26d2220235b114f379f20e2b8674e4af54e17769e4dc7118305a0fb1867b3add5742e53909b3ae14b35e21aa6cd703754a1bc72447d4799b7fc494d19,right,after,three,south,after,0.021166680380702,6.36148324701935e-05,0.2,0,0,-0.3427543552319121,0.3427543552319121,0.02512562814070352,0.02512562814070352,0.09045226130653267,4,common_voice_en_25641221.mp3,common_voice_en_25641225.mp3,3.125,common_voice_en_25641224.mp3,common_voice_en_25641224.mp3,2.465,common_voice_en_25641225.mp3,3.125,,,,,,,
52,2_check_competition_and_cue_match,dichotic_specific_error,pair_042_ab_left,pair_042,4a31d3f26d2220235b114f379f20e2b8674e4af54e17769e4dc7118305a0fb1867b3add5742e53909b3ae14b35e21aa6cd703754a1bc72447d4799b7fc494d19,left,three,after,country,three,0.0238478519022464,4.913387328997487e-06,0.3333333333333333,0,0,0.3427543552319124,0.3427543552319124,0.02512562814070352,0.02512562814070352,0.09045226130653267,4,common_voice_en_25641221.mp3,common_voice_en_25641224.mp3,2.465,common_voice_en_25641225.mp3,common_voice_en_25641224.mp3,2.465,common_voice_en_25641225.mp3,3.125,,,,,,,
53,2_check_competition_and_cue_match,dichotic_specific_error,pair_095_ba_left,pair_095,c8be5e5160748bb5ce3a1138dd5d4bc07d0becf12c2e205ad421fa202038dffe6c5ad264beb25a399cbaab9608a40cc9bcd11e4ab698281673c6f7227dcf6dbe,left,called,there,includes,called,0.0245840195566415,2.5298593300249195e-06,0.42857142857142855,0,0,-0.34766713759283496,0.34766713759283496,0.1457286432160804,0.1407035175879397,0.135678391959799,2,common_voice_en_26532248.mp3,common_voice_en_26532253.mp3,5.068,common_voice_en_26532250.mp3,common_voice_en_26532253.mp3,5.068,common_voice_en_26532250.mp3,1.875,,,,,,,
54,2_check_competition_and_cue_match,dichotic_specific_error,pair_017_ab_right,pair_017,27df1223bbfbd89b36d61b8fed39e40a1460c3e2e5fa763ba7d3c1b0d305b2919d2c3bbed70fabe90ab8bd15848f507b2331e5f108dd1b1b8c06dfbe287282c5,right,forms,called,while,forms,0.0258379410952329,0.0005492499913088,0.0,0,0,-0.05284244505706215,0.05284244505706215,0.020100502512562814,0.08542713567839195,0.05527638190954774,3,common_voice_en_27633357.mp3,common_voice_en_27633356.mp3,2.933,common_voice_en_27633354.mp3,common_voice_en_27633354.mp3,2.302,common_voice_en_27633356.mp3,2.933,,,,,,,
55,2_check_competition_and_cue_match,dichotic_specific_error,pair_028_ab_left,pair_028,35ea573b414801d7b08edb6f2972b1e0911babb168583dc836ab963c75a8a288b5e3f4a968c5176cba7de76683196fd25df94b56e6e31ede8ddfb8c9a1a7ff2a,left,other,turned,shall,other,0.0286439359188079,0.0013264642329886,0.2,0,0,-0.5584756124422952,0.5584756124422952,0.0,0.005025125628140704,0.0,4,common_voice_en_10799677.mp3,common_voice_en_10799701.mp3,2.043,common_voice_en_579751.mp3,common_voice_en_10799701.mp3,2.043,common_voice_en_579751.mp3,1.854,,,,,,,
56,2_check_competition_and_cue_match,dichotic_specific_error,pair_028_ba_right,pair_028,35ea573b414801d7b08edb6f2972b1e0911babb168583dc836ab963c75a8a288b5e3f4a968c5176cba7de76683196fd25df94b56e6e31ede8ddfb8c9a1a7ff2a,right,other,turned,shall,other,0.0318811610341072,0.0003823896986432,0.2,0,0,-0.5584756124422952,0.5584756124422952,0.0,0.005025125628140704,0.0,4,common_voice_en_10799677.mp3,common_voice_en_10799701.mp3,2.043,common_voice_en_579751.mp3,common_voice_en_579751.mp3,1.854,common_voice_en_10799701.mp3,2.043,,,,,,,
57,2_check_competition_and_cue_match,dichotic_specific_error,pair_008_ab_right,pair_008,15a22f0c0e1dd85bdeda7f733a831454f10c38f6da86b6c258157e616996b120ecdd47cf96cfbeeefbd455c03725780ef1ba4d4351013b20a20553c55db492dd,right,typically,would,really,typically,0.0418430417776107,0.0016785649349913,0.5333333333333333,0,0,1.1184375481996243,1.1184375481996243,0.09045226130653267,0.15577889447236182,0.03015075376884422,1,common_voice_en_18709272.mp3,common_voice_en_18709565.mp3,3.927,common_voice_en_18709453.mp3,common_voice_en_18709453.mp3,1.774,common_voice_en_18709565.mp3,3.927,,,,,,,
58,2_check_competition_and_cue_match,dichotic_specific_error,pair_006_ba_right,pair_006,11645b59ec56e6b2ab82803d8f834498c17aea3246696c1ceb7944c44ff7291e10fa777dd38d4b418ddfb32c2a6a319872afd27338f8df93b8a9c8298a84d1d5,right,without,limited,don't,without,0.046863455325365,0.000138879433507,0.16666666666666666,0,0,0.7197138932104129,0.7197138932104129,0.0,0.0,0.0,2,common_voice_en_19616190.mp3,common_voice_en_19616191.mp3,4.567,common_voice_en_19616192.mp3,common_voice_en_19616192.mp3,1.815,common_voice_en_19616191.mp3,4.567,,,,,,,
59,2_check_competition_and_cue_match,dichotic_specific_error,pair_044_ba_left,pair_044,4c407a51103a79d22a55ba3047ed5e1353ad666e3ed14df8998c75b7acdb1f335f7d77fd6526cc6950c5ebfc5dc998cb784dbba2b28556c81056e842ca8f0758,left,seemed,outside,center,seemed,0.0474127419292926,1.869598577286524e-06,0.3333333333333333,0,0,-0.2111825453423609,0.2111825453423609,0.02512562814070352,0.11055276381909548,0.18592964824120603,2,common_voice_en_18469533.mp3,common_voice_en_18494081.mp3,2.359,common_voice_en_18474239.mp3,common_voice_en_18494081.mp3,2.359,common_voice_en_18474239.mp3,2.014,,,,,,,
60,2_check_competition_and_cue_match,dichotic_specific_error,pair_053_ba_right,pair_053,64bd37c8bf7fe5ffa68ebfc665ce8d7e5abcb8955a4ecd457427561fee1b6af1f746fce2b342d9c99a21d2068fc6195b07cc7f5aeb30f1a9f728fcdfd36f9742,right,would,decided,within,would,0.0543058142066001,0.0001120538654504,0.18181818181818182,0,0,0.06596499056711175,0.06596499056711175,0.0,0.0,0.0,2,common_voice_en_222098.mp3,common_voice_en_222100.mp3,3.505,common_voice_en_222103.mp3,common_voice_en_222103.mp3,1.732,common_voice_en_222100.mp3,3.505,,,,,,,
61,2_check_competition_and_cue_match,dichotic_specific_error,pair_099_ba_right,pair_099,d18c467a83ec3a64ca6d5a6f371e18808b86ce70628835bf4ba503cd26b9e4bfe4dc75978f9e7a2fc1ca030ab0c00b35247979f8d8530b34ac559df8d2185713,right,would,fight,looked,would,0.0585793107748031,1.211975927617459e-06,0.36363636363636365,0,0,-0.2648589923008957,0.2648589923008957,0.04522613065326633,0.1306532663316583,0.01507537688442211,4,common_voice_en_637058.mp3,common_voice_en_637061.mp3,1.55,common_voice_en_637071.mp3,common_voice_en_637071.mp3,1.509,common_voice_en_637061.mp3,1.55,,,,,,,
62,2_check_competition_and_cue_match,dichotic_specific_error,pair_042_ba_left,pair_042,4a31d3f26d2220235b114f379f20e2b8674e4af54e17769e4dc7118305a0fb1867b3add5742e53909b3ae14b35e21aa6cd703754a1bc72447d4799b7fc494d19,left,after,three,attack,after,0.0600021220743656,8.506401354679838e-05,0.36363636363636365,0,0,-0.3427543552319121,0.3427543552319121,0.02512562814070352,0.02512562814070352,0.09045226130653267,4,common_voice_en_25641221.mp3,common_voice_en_25641225.mp3,3.125,common_voice_en_25641224.mp3,common_voice_en_25641225.mp3,3.125,common_voice_en_25641224.mp3,2.465,,,,,,,
63,2_check_competition_and_cue_match,dichotic_specific_error,pair_047_ba_left,pair_047,50475c1f484e6dcdf24a902ff49459df5479bc81bc50dbd2a06f4ca464399baf1366b2f70eb2791f97169ad5ef3b088a2d3fa428fd8171f51347e31ac481413d,left,spent,would,continued,spent,0.0634503439068794,0.0067566083744168,0.2857142857142857,0,0,0.4270813653455741,0.4270813653455741,0.24120603015075376,0.4120603015075377,0.3165829145728643,4,common_voice_en_18584783.mp3,common_voice_en_18584790.mp3,1.967,common_voice_en_18584789.mp3,common_voice_en_18584790.mp3,1.967,common_voice_en_18584789.mp3,1.379,,,,,,,
64,2_check_competition_and_cue_match,dichotic_specific_error,pair_089_ab_left,pair_089,bbb931b71c9f86a9d55f858e249d3ef726b84a760c7e82a42046ad85c62e84472b16c19863d2ab9fbbce370116523fafe1b80a750db5e736f78b12fcf438b2db,left,could,stone,working,could,0.0655564665794372,1.7598067643120885e-06,0.16666666666666666,0,0,-0.9471292927141112,0.9471292927141112,0.1457286432160804,0.04020100502512563,0.1407035175879397,2,common_voice_en_122505.mp3,common_voice_en_122512.mp3,1.415,common_voice_en_122532.mp3,common_voice_en_122512.mp3,1.415,common_voice_en_122532.mp3,2.29,,,,,,,
65,2_check_competition_and_cue_match,dichotic_specific_error,pair_024_ab_left,pair_024,32ef689910d78bd1b2dee1aa616774156ba49f7e9244240305fd87fff3b55b7469f6592a850b1ce1c091f2043d857ef469bb17631168966eafb4af7d91e4710d,left,around,possible,earlier,around,0.0665759444236755,4.992671733816678e-07,0.3076923076923077,0,0,-0.25145262062737417,0.25145262062737417,0.03015075376884422,0.04522613065326633,0.5326633165829145,1,common_voice_en_562997.mp3,common_voice_en_563002.mp3,2.575,common_voice_en_563005.mp3,common_voice_en_563002.mp3,2.575,common_voice_en_563005.mp3,3.899,,,,,,,
66,2_check_competition_and_cue_match,dichotic_specific_error,pair_099_ab_right,pair_099,d18c467a83ec3a64ca6d5a6f371e18808b86ce70628835bf4ba503cd26b9e4bfe4dc75978f9e7a2fc1ca030ab0c00b35247979f8d8530b34ac559df8d2185713,right,fight,would,white,fight,0.0706849545240402,3.211193688912317e-05,0.4,0,0,0.2648589923008958,0.2648589923008958,0.1306532663316583,0.04522613065326633,0.01507537688442211,4,common_voice_en_637058.mp3,common_voice_en_637071.mp3,1.509,common_voice_en_637061.mp3,common_voice_en_637061.mp3,1.55,common_voice_en_637071.mp3,1.509,,,,,,,
67,2_check_competition_and_cue_match,dichotic_specific_error,pair_053_ab_left,pair_053,64bd37c8bf7fe5ffa68ebfc665ce8d7e5abcb8955a4ecd457427561fee1b6af1f746fce2b342d9c99a21d2068fc6195b07cc7f5aeb30f1a9f728fcdfd36f9742,left,would,decided,within,would,0.1087855696678161,0.0002205263881478,0.18181818181818182,0,0,0.06596499056711175,0.06596499056711175,0.0,0.0,0.0,2,common_voice_en_222098.mp3,common_voice_en_222100.mp3,3.505,common_voice_en_222103.mp3,common_voice_en_222100.mp3,3.505,common_voice_en_222103.mp3,1.732,,,,,,,
68,2_check_competition_and_cue_match,dichotic_specific_error,pair_099_ab_left,pair_099,d18c467a83ec3a64ca6d5a6f371e18808b86ce70628835bf4ba503cd26b9e4bfe4dc75978f9e7a2fc1ca030ab0c00b35247979f8d8530b34ac559df8d2185713,left,would,fight,looked,would,0.113776184618473,6.4606103933329e-07,0.36363636363636365,0,0,-0.2648589923008957,0.2648589923008957,0.04522613065326633,0.1306532663316583,0.01507537688442211,4,common_voice_en_637058.mp3,common_voice_en_637061.mp3,1.55,common_voice_en_637071.mp3,common_voice_en_637061.mp3,1.55,common_voice_en_637071.mp3,1.509,,,,,,,
69,2_check_competition_and_cue_match,dichotic_specific_error,pair_099_ba_left,pair_099,d18c467a83ec3a64ca6d5a6f371e18808b86ce70628835bf4ba503cd26b9e4bfe4dc75978f9e7a2fc1ca030ab0c00b35247979f8d8530b34ac559df8d2185713,left,fight,would,quite,fight,0.1273470968008041,3.245916741434485e-05,0.4,0,0,0.2648589923008958,0.2648589923008958,0.1306532663316583,0.04522613065326633,0.01507537688442211,4,common_voice_en_637058.mp3,common_voice_en_637071.mp3,1.509,common_voice_en_637061.mp3,common_voice_en_637071.mp3,1.509,common_voice_en_637061.mp3,1.55,,,,,,,
70,2_check_competition_and_cue_match,dichotic_specific_error,pair_009_ba_left,pair_009,185a19520056bd31c0b7613af5d9eb45e5b9eb8061127fc839233aac463eee2c687007a5977d117e7301d2c959de1b27d9331f7cb0bab85f776e64120795c77e,left,could,behind,would,could,0.1434762477874755,0.0001000217089313,0.8,1,0,0.46077169759257963,0.46077169759257963,0.0,0.0,0.35175879396984927,2,common_voice_en_17251908.mp3,common_voice_en_495113.mp3,3.364,common_voice_en_17270512.mp3,common_voice_en_495113.mp3,3.364,common_voice_en_17270512.mp3,2.155,,,,,,,
71,2_check_competition_and_cue_match,dichotic_specific_error,pair_043_ba_right,pair_043,4aa97f3abd28235a4681ec577ef5afc4e85427c5e6fffde45f7d727d8f7d42833a9feec081cbe70feb9f9ea5e43d136cd4e177f9bc8cdf37487369355593ea53,right,island,again,islands,island,0.1492937207221985,1.0588078112050423e-06,0.9230769230769231,1,0,0.41856194302232963,0.41856194302232963,0.11557788944723618,0.005025125628140704,0.02512562814070352,2,common_voice_en_26971806.mp3,common_voice_en_26974034.mp3,1.594,common_voice_en_26974070.mp3,common_voice_en_26974070.mp3,2.423,common_voice_en_26974034.mp3,1.594,,,,,,,
72,2_check_competition_and_cue_match,dichotic_specific_error,pair_086_ba_right,pair_086,b779db7939aed133ee10cd7bc8f5c6791935f4f5f8cc80c4338e621ad8b99c50ec1a642e203e5fa69834fd6158bc614fdb5f54cd486a49a2b936a4e0c31677b7,right,south,centre,sound,south,0.1513504981994629,0.0013290104689076,0.6,0,0,-0.925340810109045,0.925340810109045,0.05527638190954774,0.035175879396984924,0.20603015075376885,3,common_voice_en_23883731.mp3,common_voice_en_23883719.mp3,2.316,common_voice_en_23883730.mp3,common_voice_en_23883730.mp3,2.386,common_voice_en_23883719.mp3,2.316,,,,,,,
73,2_check_competition_and_cue_match,dichotic_specific_error,pair_006_ab_left,pair_006,11645b59ec56e6b2ab82803d8f834498c17aea3246696c1ceb7944c44ff7291e10fa777dd38d4b418ddfb32c2a6a319872afd27338f8df93b8a9c8298a84d1d5,left,without,limited,found,without,0.1597965657711029,5.825709376949817e-05,0.3333333333333333,0,0,0.7197138932104129,0.7197138932104129,0.0,0.0,0.0,2,common_voice_en_19616190.mp3,common_voice_en_19616191.mp3,4.567,common_voice_en_19616192.mp3,common_voice_en_19616191.mp3,4.567,common_voice_en_19616192.mp3,1.815,,,,,,,
74,2_check_competition_and_cue_match,dichotic_specific_error,pair_039_ba_right,pair_039,4736e6f95a939c9602c1e1f200221e1ed5164b6e7190a1e567fe047fd73621cda5d4d8c063c41ad801a2fdf79246b9fa6b1d8050c23f7827e4b355c27371032e,right,several,roman,service,several,0.1637130230665207,2.5247851453968906e-07,0.5714285714285714,0,0,-0.19478229876034578,0.19478229876034578,0.25125628140703515,0.20603015075376885,0.11557788944723618,1,common_voice_en_24977701.mp3,common_voice_en_24977705.mp3,2.583,common_voice_en_24977706.mp3,common_voice_en_24977706.mp3,1.411,common_voice_en_24977705.mp3,2.583,,,,,,,
75,2_check_competition_and_cue_match,dichotic_specific_error,pair_086_ab_left,pair_086,b779db7939aed133ee10cd7bc8f5c6791935f4f5f8cc80c4338e621ad8b99c50ec1a642e203e5fa69834fd6158bc614fdb5f54cd486a49a2b936a4e0c31677b7,left,south,centre,sound,south,0.1716433614492416,0.0003528244851622,0.6,0,0,-0.925340810109045,0.925340810109045,0.05527638190954774,0.035175879396984924,0.20603015075376885,3,common_voice_en_23883731.mp3,common_voice_en_23883719.mp3,2.316,common_voice_en_23883730.mp3,common_voice_en_23883719.mp3,2.316,common_voice_en_23883730.mp3,2.386,,,,,,,
76,2_check_competition_and_cue_match,dichotic_specific_error,pair_066_ba_right,pair_066,8bf99804111805163ccff57587e0e03d7807b269c1bc5bea3c10207c8b94d9754bfdb29186cebe100bb96d6ba04664968654057295010fa00f0b110200ac7d74,right,living,international,getting,living,0.1794479787349701,2.6893854254694816e-08,0.46153846153846156,0,0,0.14890659683831473,0.14890659683831473,0.36180904522613067,0.2562814070351759,0.12562814070351758,2,common_voice_en_25929862.mp3,common_voice_en_25929866.mp3,1.816,common_voice_en_25929867.mp3,common_voice_en_25929867.mp3,7.846,common_voice_en_25929866.mp3,1.816,,,,,,,
77,2_check_competition_and_cue_match,dichotic_specific_error,pair_004_ba_left,pair_004,0af632e80c890a454a534a68b1f1f491d2c8f6f78af490695ebaf667aaa5acbd42e2b0f294998b21bc9b1d9d9441ea0022d27335383f4e26d30134e3201b4077,left,still,cause,australia,still,0.1824694871902465,8.140443242155015e-05,0.42857142857142855,0,0,0.09849419109178874,0.09849419109178874,0.010050251256281407,0.0,0.27638190954773867,1,common_voice_en_17329273.mp3,common_voice_en_17329303.mp3,1.591,common_voice_en_17329285.mp3,common_voice_en_17329303.mp3,1.591,common_voice_en_17329285.mp3,1.566,,,,,,,
78,2_check_competition_and_cue_match,dichotic_specific_error,pair_030_ab_right,pair_030,3c64e964c2b809ce4c4f087c11fe90b765a7a37cb28da6a580fce8c173e3efe0ed44f696c351ba107348af0de28e3ad881a8c55bbbaced89805cb2ff681495d1,right,beginning,alchemist,getting,beginning,0.1915921121835708,1.9766293917200528e-05,0.5,0,0,-0.5227393892465885,0.5227393892465885,0.0,0.10552763819095477,0.06532663316582915,1,common_voice_en_134272.mp3,common_voice_en_134292.mp3,2.146,common_voice_en_134276.mp3,common_voice_en_134276.mp3,1.851,common_voice_en_134292.mp3,2.146,,,,,,,
79,2_check_competition_and_cue_match,dichotic_specific_error,pair_020_ba_left,pair_020,2c5a2d151601f85f127571ee22f6ba67d16971c7540d7b365fde9cd20a3ecc6e390efa954e0c29e908c2d3fbab08ebf3feba29652745f36be704d950b3f372a3,left,shall,built,should,shall,0.1928221434354782,5.4549240303458646e-05,0.5454545454545454,0,0,-0.7476437068677712,0.7476437068677712,0.02512562814070352,0.035175879396984924,0.020100502512562814,2,common_voice_en_19613376.mp3,common_voice_en_19613378.mp3,2.095,common_voice_en_19613377.mp3,common_voice_en_19613378.mp3,2.095,common_voice_en_19613377.mp3,1.563,,,,,,,
80,2_check_competition_and_cue_match,dichotic_specific_error,pair_047_ab_right,pair_047,50475c1f484e6dcdf24a902ff49459df5479bc81bc50dbd2a06f4ca464399baf1366b2f70eb2791f97169ad5ef3b088a2d3fa428fd8171f51347e31ac481413d,right,spent,would,continued,spent,0.1978641599416732,0.0067346249707043,0.2857142857142857,0,0,0.4270813653455741,0.4270813653455741,0.24120603015075376,0.4120603015075377,0.3165829145728643,4,common_voice_en_18584783.mp3,common_voice_en_18584790.mp3,1.967,common_voice_en_18584789.mp3,common_voice_en_18584789.mp3,1.379,common_voice_en_18584790.mp3,1.967,,,,,,,
81,2_check_competition_and_cue_match,dichotic_specific_error,pair_109_ab_left,pair_109,fc6cc3625c64e94c1d5f025c0b6d3235eb59d8b230f2c9e50268fb548560e6b9468818c7acaa68180fe1c546cbd09f8b018fdd0fd35e1e9d47a021e15478e875,left,don't,seemed,didn't,don't,0.2311701476573944,5.1584494940470904e-05,0.7272727272727273,0,0,0.9539269058169186,0.9539269058169186,0.457286432160804,0.40703517587939697,0.21608040201005024,1,common_voice_en_645238.mp3,common_voice_en_645258.mp3,2.135,common_voice_en_645260.mp3,common_voice_en_645258.mp3,2.135,common_voice_en_645260.mp3,1.604,,,,,,,
82,2_check_competition_and_cue_match,dichotic_specific_error,pair_054_ab_right,pair_054,6dca5c769f1b6c8fe708ec3f25bfdd5794038b5f55652747e6229200eeca682b15493a35c943ac8762b3146475de16553984275d6056120afd45bb5959930511,right,black,church,nothing,black,0.2417235225439071,1.578756325670838e-08,0.0,0,0,-0.11542590878111082,0.11542590878111082,0.1306532663316583,0.07035175879396985,0.07537688442211055,1,common_voice_en_22606944.mp3,common_voice_en_22606976.mp3,3.042,common_voice_en_22606945.mp3,common_voice_en_22606945.mp3,1.865,common_voice_en_22606976.mp3,3.042,,,,,,,
83,2_check_competition_and_cue_match,dichotic_specific_error,pair_029_ba_right,pair_029,39cef583a76ec72c2f34e188a49b55efbb90d94db4670ea6103bca9b3f001f10749b728118c3b298fd2f2a7b6b103c97ff7f9506236604178b4808cb21b1bdaf,right,began,include,return,began,0.2593874335289001,8.784406873019179e-07,0.36363636363636365,0,0,0.972513922123675,0.972513922123675,0.22110552763819097,0.35175879396984927,0.07035175879396985,1,common_voice_en_25151435.mp3,common_voice_en_25151431.mp3,3.072,common_voice_en_25151433.mp3,common_voice_en_25151433.mp3,1.704,common_voice_en_25151431.mp3,3.072,,,,,,,
84,2_check_competition_and_cue_match,dichotic_specific_error,pair_066_ab_left,pair_066,8bf99804111805163ccff57587e0e03d7807b269c1bc5bea3c10207c8b94d9754bfdb29186cebe100bb96d6ba04664968654057295010fa00f0b110200ac7d74,left,living,international,getting,living,0.2637124955654144,3.8696715165542634e-08,0.46153846153846156,0,0,0.14890659683831473,0.14890659683831473,0.36180904522613067,0.2562814070351759,0.12562814070351758,2,common_voice_en_25929862.mp3,common_voice_en_25929866.mp3,1.816,common_voice_en_25929867.mp3,common_voice_en_25929866.mp3,1.816,common_voice_en_25929867.mp3,7.846,,,,,,,
85,2_check_competition_and_cue_match,dichotic_specific_error,pair_033_ab_right,pair_033,404ac25c7a9e3d33bb1bd06e7bba578d007f63ad20a73790ca71dea54be15c0306e9db2f1ab409c74b26bc5123d311ee2e611648f377e4d83f3256b56b098b07,right,since,william,subsequently,since,0.2666087448596954,4.125075065530837e-06,0.23529411764705882,0,0,1.4611931692953786,1.4611931692953786,0.0,0.24120603015075376,0.10050251256281408,1,common_voice_en_24942389.mp3,common_voice_en_24942510.mp3,2.067,common_voice_en_24942408.mp3,common_voice_en_24942408.mp3,2.579,common_voice_en_24942510.mp3,2.067,,,,,,,
86,2_check_competition_and_cue_match,dichotic_specific_error,pair_041_ba_right,pair_041,48ea9cb17dff834dc79d7106663269f6ec23d65c1a0d46a185ab1d35eaffe41976f275c3d3fc858bc03282ab4198fa113a105354c6947f0e21554cb59b8c3071,right,during,successful,doing,during,0.2702959775924682,1.988879193959292e-05,0.7272727272727273,0,0,0.056292075335580824,0.056292075335580824,0.035175879396984924,0.005025125628140704,0.01507537688442211,1,common_voice_en_21762340.mp3,common_voice_en_21762339.mp3,2.175,common_voice_en_21762342.mp3,common_voice_en_21762342.mp3,2.117,common_voice_en_21762339.mp3,2.175,,,,,,,
87,2_check_competition_and_cue_match,dichotic_specific_error,pair_083_ab_left,pair_083,b0a9c1096f7298520bd303bd875557ffe42b8d88d8caf51081a38bd61a8c200f7ae582fd4517f62d7715fdf9e8b95d736660271c1d6fff2dc5feab734931e2a3,left,there,television,there's,there,0.2950949370861053,1.4310100482362034e-07,0.8333333333333334,1,0,-0.014896042198349025,0.014896042198349025,0.04020100502512563,0.04020100502512563,0.09045226130653267,2,common_voice_en_19591949.mp3,common_voice_en_19591948.mp3,1.625,common_voice_en_19591955.mp3,common_voice_en_19591948.mp3,1.625,common_voice_en_19591955.mp3,4.177,,,,,,,
88,2_check_competition_and_cue_match,dichotic_specific_error,pair_036_ab_left,pair_036,448e25cbcb48a248d8580293fc74b5c730237022cb69194ae0314bb973bcebaa30c3f2fadf40359aec092cb5bce557635f794c8e51092afed151eb5854ca940b,left,written,called,already,written,0.3038904070854187,5.599189307758934e-07,0.2857142857142857,0,0,-0.043840582633692976,0.043840582633692976,0.0,0.05527638190954774,0.0,2,common_voice_en_19552127.mp3,common_voice_en_19552130.mp3,2.016,common_voice_en_19552143.mp3,common_voice_en_19552130.mp3,2.016,common_voice_en_19552143.mp3,1.642,,,,,,,
89,2_check_competition_and_cue_match,dichotic_specific_error,pair_043_ab_left,pair_043,4aa97f3abd28235a4681ec577ef5afc4e85427c5e6fffde45f7d727d8f7d42833a9feec081cbe70feb9f9ea5e43d136cd4e177f9bc8cdf37487369355593ea53,left,island,again,islands,island,0.3215381801128387,1.3952707149655907e-06,0.9230769230769231,1,0,0.41856194302232963,0.41856194302232963,0.11557788944723618,0.005025125628140704,0.02512562814070352,2,common_voice_en_26971806.mp3,common_voice_en_26974034.mp3,1.594,common_voice_en_26974070.mp3,common_voice_en_26974034.mp3,1.594,common_voice_en_26974070.mp3,2.423,,,,,,,
90,2_check_competition_and_cue_match,dichotic_specific_error,pair_020_ab_right,pair_020,2c5a2d151601f85f127571ee22f6ba67d16971c7540d7b365fde9cd20a3ecc6e390efa954e0c29e908c2d3fbab08ebf3feba29652745f36be704d950b3f372a3,right,shall,built,should,shall,0.3441246449947357,1.5501773305004463e-05,0.5454545454545454,0,0,-0.7476437068677712,0.7476437068677712,0.02512562814070352,0.035175879396984924,0.020100502512562814,2,common_voice_en_19613376.mp3,common_voice_en_19613378.mp3,2.095,common_voice_en_19613377.mp3,common_voice_en_19613377.mp3,1.563,common_voice_en_19613378.mp3,2.095,,,,,,,
91,2_check_competition_and_cue_match,dichotic_specific_error,pair_036_ba_right,pair_036,448e25cbcb48a248d8580293fc74b5c730237022cb69194ae0314bb973bcebaa30c3f2fadf40359aec092cb5bce557635f794c8e51092afed151eb5854ca940b,right,written,called,already,written,0.3494750261306762,4.522031304077245e-06,0.2857142857142857,0,0,-0.043840582633692976,0.043840582633692976,0.0,0.05527638190954774,0.0,2,common_voice_en_19552127.mp3,common_voice_en_19552130.mp3,2.016,common_voice_en_19552143.mp3,common_voice_en_19552143.mp3,1.642,common_voice_en_19552130.mp3,2.016,,,,,,,
92,2_check_competition_and_cue_match,dichotic_specific_error,pair_079_ab_right,pair_079,a8a6fd2af2b007a0416a82aedc592534e0eb5f59345f8de5040c399338ff31c9e47dc7c0b047880db3fd7ba29b3ce8e0045f639b3d639f58fb6fc5d71cb962ab,right,companies,separate,continues,companies,0.3732665479183197,3.291430346052948e-07,0.6666666666666666,0,0,-0.09458732156579393,0.09458732156579393,0.0,0.08040201005025126,0.06030150753768844,3,common_voice_en_25776874.mp3,common_voice_en_25777013.mp3,1.506,common_voice_en_25776983.mp3,common_voice_en_25776983.mp3,1.949,common_voice_en_25777013.mp3,1.506,,,,,,,
93,2_check_competition_and_cue_match,dichotic_specific_error,pair_083_ba_right,pair_083,b0a9c1096f7298520bd303bd875557ffe42b8d88d8caf51081a38bd61a8c200f7ae582fd4517f62d7715fdf9e8b95d736660271c1d6fff2dc5feab734931e2a3,right,there,television,there's,there,0.4157984852790832,1.9990086741472626e-07,0.8333333333333334,1,0,-0.014896042198349025,0.014896042198349025,0.04020100502512563,0.04020100502512563,0.09045226130653267,2,common_voice_en_19591949.mp3,common_voice_en_19591948.mp3,1.625,common_voice_en_19591955.mp3,common_voice_en_19591955.mp3,4.177,common_voice_en_19591948.mp3,1.625,,,,,,,
