process,pass_name,file,sha256,sha256_matches_worker,a_equals_b,correct_n,correct_accuracy,correct_nll_saved_mean,correct_nll_recomputed_float64_mean,correct_nll_max_abs_err,correct_nll_within_e0_tolerance,correct_logit_abs_max,correct_finite,correct_distinct_predicted_classes,shuffled_n,shuffled_accuracy,shuffled_nll_saved_mean,shuffled_nll_recomputed_float64_mean,shuffled_nll_max_abs_err,shuffled_nll_within_e0_tolerance,shuffled_logit_abs_max,shuffled_finite,shuffled_distinct_predicted_classes,silent_n,silent_accuracy,silent_nll_saved_mean,silent_nll_recomputed_float64_mean,silent_nll_max_abs_err,silent_nll_within_e0_tolerance,silent_logit_abs_max,silent_finite,silent_distinct_predicted_classes,distractor_n,distractor_accuracy,distractor_nll_saved_mean,distractor_nll_recomputed_float64_mean,distractor_nll_max_abs_err,distractor_nll_within_e0_tolerance,distractor_logit_abs_max,distractor_finite,distractor_distinct_predicted_classes,correct_clean_n,correct_clean_accuracy,correct_mixed_n,correct_mixed_accuracy,control_correct_minus_shuffled_accuracy,control_rows_correct_equals_shuffled_bitwise
A,original,00_original.npz,353edb36f43eed47ce00dd945c023a1d11d427a442f01ef923b3faf8a6373e37,True,True,96,0.4270833333333333,3.1477235272731527,3.1477235215867054,5.942899550248626e-07,True,78.89813232421875,True,87,64,0.046875,6.279805773112457,6.279805725038317,5.058296554949493e-07,True,37.53181457519531,True,63,64,0.09375,9.22077663987875,9.220776582445996,1.2498348844758311e-06,True,63.00189971923828,True,61,64,0.0,10.821251306682825,10.821251262092918,7.337163481224707e-07,True,51.74325180053711,True,63,24,0.6666666666666666,72,0.3472222222222222,0.25,0
A,alpha_1,01_alpha_1.npz,353edb36f43eed47ce00dd945c023a1d11d427a442f01ef923b3faf8a6373e37,True,True,96,0.4270833333333333,3.1477235272731527,3.1477235215867054,5.942899550248626e-07,True,78.89813232421875,True,87,64,0.046875,6.279805773112457,6.279805725038317,5.058296554949493e-07,True,37.53181457519531,True,63,64,0.09375,9.22077663987875,9.220776582445996,1.2498348844758311e-06,True,63.00189971923828,True,61,64,0.0,10.821251306682825,10.821251262092918,7.337163481224707e-07,True,51.74325180053711,True,63,24,0.6666666666666666,72,0.3472222222222222,0.25,0
A,explicit_bypass,02_explicit_bypass.npz,c9f47674a096e3a3064d1cd987147a4bc6b0fcf496f7fde1041bd024220e102f,True,True,96,0.0,631.9551126162211,631.9551129551352,6.103515625e-05,True,2722.092041015625,True,2,64,0.0,640.4488823413849,640.448882214443,6.103515625e-05,True,2722.092041015625,True,2,64,0.0,640.4488823413849,640.448882214443,6.103515625e-05,True,2722.092041015625,True,2,64,0.0,640.4488823413849,640.448882214443,6.103515625e-05,True,2722.092041015625,True,2,24,0.0,72,0.0,0.0,64
A,alpha_0,03_alpha_0.npz,c9f47674a096e3a3064d1cd987147a4bc6b0fcf496f7fde1041bd024220e102f,True,True,96,0.0,631.9551126162211,631.9551129551352,6.103515625e-05,True,2722.092041015625,True,2,64,0.0,640.4488823413849,640.448882214443,6.103515625e-05,True,2722.092041015625,True,2,64,0.0,640.4488823413849,640.448882214443,6.103515625e-05,True,2722.092041015625,True,2,64,0.0,640.4488823413849,640.448882214443,6.103515625e-05,True,2722.092041015625,True,2,24,0.0,72,0.0,0.0,64
A,alpha_025,04_alpha_025.npz,a674e5b986197856b97e059748e2e7c5dc51542966f9adb3aedb842d3bee469c,True,True,96,0.0,373.42069935798645,373.42070203856855,3.114727064712497e-05,True,2402.746337890625,True,11,64,0.0,387.5823033750057,387.58230305883467,3.0517578125e-05,True,2343.96630859375,True,10,64,0.0,333.42581209540367,333.4258129325631,3.0517578125e-05,True,2244.164794921875,True,11,64,0.0,378.00661116838455,378.00661211695785,4.3065632326033665e-05,True,2416.687255859375,True,11,24,0.0,72,0.0,0.0,0
A,alpha_05,05_alpha_05.npz,916cb8488b8f9e7acf727995100630156ebeda6d7096ed664af21bad0f246741,True,True,96,0.0625,46.39996677963063,46.39996636937911,1.4873388380465258e-05,True,1360.18994140625,True,64,64,0.015625,52.32541157491505,52.32541162758045,1.52587890625e-05,True,1225.52294921875,True,46,64,0.03125,41.81165012111887,41.81165062731795,8.796122017429298e-06,True,1042.4617919921875,True,47,64,0.0,47.311612866818905,47.31161267346156,1.0640149525897868e-05,True,1539.935546875,True,43,24,0.041666666666666664,72,0.06944444444444445,0.03125,0
A,alpha_075,06_alpha_075.npz,1215adc12e6972adbdc35459c627aeeea10972bf40db10c28326bf6628a56dc0,True,True,96,0.3854166666666667,3.344775126487851,3.344775120519525,1.0502667535661203e-06,True,72.52044677734375,True,91,64,0.046875,6.176128600956872,6.176128624647685,8.969055702578999e-07,True,34.01042556762695,True,58,64,0.0625,9.515432844869792,9.515432841197,1.373925329062331e-06,True,63.547664642333984,True,57,64,0.0,8.982000637799501,8.982000635928797,6.541900017253965e-07,True,49.20068359375,True,61,24,0.625,72,0.3055555555555556,0.203125,0
A,uniform_05,07_uniform_05.npz,233aad45b6d7695a1712ce41d078bebc871246b45f78613cf318ed4eb718b202,True,True,96,0.0,631.8938595453898,631.8938624846188,6.103515625e-05,True,2721.90185546875,True,2,64,0.0,640.3944411277771,640.3944408613964,3.0517578125e-05,True,2721.783203125,True,2,64,0.0,640.3270447254181,640.3270462328701,3.0517578125e-05,True,2721.596435546875,True,2,64,0.0,640.3831360340118,640.3831367488701,5.4604424576609745e-05,True,2721.897216796875,True,2,24,0.0,72,0.0,0.0,0
A,conv_only_05,08_conv_only_05.npz,d0be37e07afcbf81d008e0faec7acbabd2a3018b58df935cf758e8601c84e6fe,True,True,96,0.0625,46.395351968550436,46.39535184888905,8.590198206093191e-06,True,1360.1680908203125,True,64,64,0.015625,52.31787673011422,52.31787668318405,7.197116900670153e-06,True,1225.4068603515625,True,46,64,0.03125,41.81104363547638,41.811043562623155,1.379643788368412e-05,True,1042.4278564453125,True,47,64,0.0,47.30084168538451,47.30084190392374,1.362160622875308e-05,True,1539.9140625,True,43,24,0.041666666666666664,72,0.06944444444444445,0.03125,0
A,fc_mean_preserved_05,09_fc_mean_preserved_05.npz,5994fd5e7850b114fd7620283ab3d50807e4e3b03f3cc0879c3bdc190fae65b5,True,True,96,0.0625,46.39554143712545,46.395541269300814,1.4869509243453649e-05,True,1360.1453857421875,True,64,64,0.015625,52.32035184465349,52.32035209593407,1.52587890625e-05,True,1225.40380859375,True,46,64,0.03125,41.80443171644583,41.80443192719727,1.497940812100751e-05,True,1042.2767333984375,True,47,64,0.0,47.30815018340945,47.30815010166293,8.989309264961776e-06,True,1539.8492431640625,True,43,24,0.041666666666666664,72,0.06944444444444445,0.03125,0
A,alpha_05_observed,10_alpha_05_observed.npz,916cb8488b8f9e7acf727995100630156ebeda6d7096ed664af21bad0f246741,True,,96,0.0625,46.39996677963063,46.39996636937911,1.4873388380465258e-05,True,1360.18994140625,True,64,64,0.015625,52.32541157491505,52.32541162758045,1.52587890625e-05,True,1225.52294921875,True,46,64,0.03125,41.81165012111887,41.81165062731795,8.796122017429298e-06,True,1042.4617919921875,True,47,64,0.0,47.311612866818905,47.31161267346156,1.0640149525897868e-05,True,1539.935546875,True,43,24,0.041666666666666664,72,0.06944444444444445,0.03125,0
B,original,00_original.npz,353edb36f43eed47ce00dd945c023a1d11d427a442f01ef923b3faf8a6373e37,True,True,96,0.4270833333333333,3.1477235272731527,3.1477235215867054,5.942899550248626e-07,True,78.89813232421875,True,87,64,0.046875,6.279805773112457,6.279805725038317,5.058296554949493e-07,True,37.53181457519531,True,63,64,0.09375,9.22077663987875,9.220776582445996,1.2498348844758311e-06,True,63.00189971923828,True,61,64,0.0,10.821251306682825,10.821251262092918,7.337163481224707e-07,True,51.74325180053711,True,63,24,0.6666666666666666,72,0.3472222222222222,0.25,0
B,alpha_1,01_alpha_1.npz,353edb36f43eed47ce00dd945c023a1d11d427a442f01ef923b3faf8a6373e37,True,True,96,0.4270833333333333,3.1477235272731527,3.1477235215867054,5.942899550248626e-07,True,78.89813232421875,True,87,64,0.046875,6.279805773112457,6.279805725038317,5.058296554949493e-07,True,37.53181457519531,True,63,64,0.09375,9.22077663987875,9.220776582445996,1.2498348844758311e-06,True,63.00189971923828,True,61,64,0.0,10.821251306682825,10.821251262092918,7.337163481224707e-07,True,51.74325180053711,True,63,24,0.6666666666666666,72,0.3472222222222222,0.25,0
B,explicit_bypass,02_explicit_bypass.npz,c9f47674a096e3a3064d1cd987147a4bc6b0fcf496f7fde1041bd024220e102f,True,True,96,0.0,631.9551126162211,631.9551129551352,6.103515625e-05,True,2722.092041015625,True,2,64,0.0,640.4488823413849,640.448882214443,6.103515625e-05,True,2722.092041015625,True,2,64,0.0,640.4488823413849,640.448882214443,6.103515625e-05,True,2722.092041015625,True,2,64,0.0,640.4488823413849,640.448882214443,6.103515625e-05,True,2722.092041015625,True,2,24,0.0,72,0.0,0.0,64
B,alpha_0,03_alpha_0.npz,c9f47674a096e3a3064d1cd987147a4bc6b0fcf496f7fde1041bd024220e102f,True,True,96,0.0,631.9551126162211,631.9551129551352,6.103515625e-05,True,2722.092041015625,True,2,64,0.0,640.4488823413849,640.448882214443,6.103515625e-05,True,2722.092041015625,True,2,64,0.0,640.4488823413849,640.448882214443,6.103515625e-05,True,2722.092041015625,True,2,64,0.0,640.4488823413849,640.448882214443,6.103515625e-05,True,2722.092041015625,True,2,24,0.0,72,0.0,0.0,64
B,alpha_025,04_alpha_025.npz,a674e5b986197856b97e059748e2e7c5dc51542966f9adb3aedb842d3bee469c,True,True,96,0.0,373.42069935798645,373.42070203856855,3.114727064712497e-05,True,2402.746337890625,True,11,64,0.0,387.5823033750057,387.58230305883467,3.0517578125e-05,True,2343.96630859375,True,10,64,0.0,333.42581209540367,333.4258129325631,3.0517578125e-05,True,2244.164794921875,True,11,64,0.0,378.00661116838455,378.00661211695785,4.3065632326033665e-05,True,2416.687255859375,True,11,24,0.0,72,0.0,0.0,0
B,alpha_05,05_alpha_05.npz,916cb8488b8f9e7acf727995100630156ebeda6d7096ed664af21bad0f246741,True,True,96,0.0625,46.39996677963063,46.39996636937911,1.4873388380465258e-05,True,1360.18994140625,True,64,64,0.015625,52.32541157491505,52.32541162758045,1.52587890625e-05,True,1225.52294921875,True,46,64,0.03125,41.81165012111887,41.81165062731795,8.796122017429298e-06,True,1042.4617919921875,True,47,64,0.0,47.311612866818905,47.31161267346156,1.0640149525897868e-05,True,1539.935546875,True,43,24,0.041666666666666664,72,0.06944444444444445,0.03125,0
B,alpha_075,06_alpha_075.npz,1215adc12e6972adbdc35459c627aeeea10972bf40db10c28326bf6628a56dc0,True,True,96,0.3854166666666667,3.344775126487851,3.344775120519525,1.0502667535661203e-06,True,72.52044677734375,True,91,64,0.046875,6.176128600956872,6.176128624647685,8.969055702578999e-07,True,34.01042556762695,True,58,64,0.0625,9.515432844869792,9.515432841197,1.373925329062331e-06,True,63.547664642333984,True,57,64,0.0,8.982000637799501,8.982000635928797,6.541900017253965e-07,True,49.20068359375,True,61,24,0.625,72,0.3055555555555556,0.203125,0
B,uniform_05,07_uniform_05.npz,233aad45b6d7695a1712ce41d078bebc871246b45f78613cf318ed4eb718b202,True,True,96,0.0,631.8938595453898,631.8938624846188,6.103515625e-05,True,2721.90185546875,True,2,64,0.0,640.3944411277771,640.3944408613964,3.0517578125e-05,True,2721.783203125,True,2,64,0.0,640.3270447254181,640.3270462328701,3.0517578125e-05,True,2721.596435546875,True,2,64,0.0,640.3831360340118,640.3831367488701,5.4604424576609745e-05,True,2721.897216796875,True,2,24,0.0,72,0.0,0.0,0
B,conv_only_05,08_conv_only_05.npz,d0be37e07afcbf81d008e0faec7acbabd2a3018b58df935cf758e8601c84e6fe,True,True,96,0.0625,46.395351968550436,46.39535184888905,8.590198206093191e-06,True,1360.1680908203125,True,64,64,0.015625,52.31787673011422,52.31787668318405,7.197116900670153e-06,True,1225.4068603515625,True,46,64,0.03125,41.81104363547638,41.811043562623155,1.379643788368412e-05,True,1042.4278564453125,True,47,64,0.0,47.30084168538451,47.30084190392374,1.362160622875308e-05,True,1539.9140625,True,43,24,0.041666666666666664,72,0.06944444444444445,0.03125,0
B,fc_mean_preserved_05,09_fc_mean_preserved_05.npz,5994fd5e7850b114fd7620283ab3d50807e4e3b03f3cc0879c3bdc190fae65b5,True,True,96,0.0625,46.39554143712545,46.395541269300814,1.4869509243453649e-05,True,1360.1453857421875,True,64,64,0.015625,52.32035184465349,52.32035209593407,1.52587890625e-05,True,1225.40380859375,True,46,64,0.03125,41.80443171644583,41.80443192719727,1.497940812100751e-05,True,1042.2767333984375,True,47,64,0.0,47.30815018340945,47.30815010166293,8.989309264961776e-06,True,1539.8492431640625,True,43,24,0.041666666666666664,72,0.06944444444444445,0.03125,0
